Filename,NP_1protein_02XG_phi025_pH3_Time0_REP1
Instrument name,5333-0043
Operator,Harrison
rundate,1/19/2023
Sample name,NP_1protein_02XG_phi025_pH3_Time0_REP1
Geometry name,40mm parallel plate, Peltier plate Steel  - 104209
Procedure name,Sample
,Creep-recovery
proceduresegments,Creep-recovery
[step]
Creep - 1
Torque,Displacement,Step time,Temperature,Axial force,Gap,Compliance,Strain,Stress
µN.m,rad,s,°C,N,µm,1/MPa,%,MPa
1.25664,0.00000,0.00000,25.01,0.0980225,600.164,0.00000,0.00000,1.00000e-7
1.25664,-4.90078e-8,5.44000e-4,25.01,0.0978088,600.164,-16.3315,-1.63315e-4,1.00000e-7
1.25664,-9.72841e-8,1.56800e-3,25.01,0.0970345,600.164,-32.4192,-3.24192e-4,1.00000e-7
1.25664,-1.09719e-7,2.59200e-3,25.01,0.0965958,600.164,-36.5630,-3.65630e-4,1.00000e-7
1.25664,-1.75550e-8,3.61600e-3,25.01,0.0946426,600.164,-5.85007,-5.85007e-5,1.00000e-7
1.25664,1.49949e-7,4.64000e-3,25.01,0.0946007,600.164,49.9694,4.99694e-4,1.00000e-7
1.25664,3.82553e-7,5.66400e-3,25.01,0.0953674,600.164,127.483,1.27483e-3,1.00000e-7
1.25664,6.77331e-7,6.68800e-3,25.01,0.0954285,600.164,225.715,2.25715e-3,1.00000e-7
1.25664,1.03757e-6,7.71200e-3,25.01,0.0966377,600.164,345.764,3.45764e-3,1.00000e-7
1.25664,1.44829e-6,8.73600e-3,25.01,0.0953865,600.164,482.631,4.82631e-3,1.00000e-7
1.25664,1.87766e-6,9.76000e-3,25.01,0.0953789,600.164,625.714,6.25714e-3,1.00000e-7
1.25664,2.33665e-6,0.0107840,25.01,0.0963783,600.164,778.669,7.78669e-3,1.00000e-7
1.25664,2.86220e-6,0.0118080,25.01,0.0963249,600.164,953.806,9.53806e-3,1.00000e-7
1.25664,3.40458e-6,0.0128320,25.01,0.0962715,600.164,1134.55,0.0113455,1.00000e-7
1.25664,3.98901e-6,0.0138560,25.01,0.0965843,600.164,1329.31,0.0132931,1.00000e-7
1.25664,4.63599e-6,0.0148800,25.01,0.0969276,600.164,1544.91,0.0154491,1.00000e-7
1.25664,5.39926e-6,0.0159040,25.01,0.0972672,600.164,1799.26,0.0179926,1.00000e-7
1.25664,6.20716e-6,0.0169280,25.01,0.0968971,600.164,2068.49,0.0206849,1.00000e-7
1.25664,6.99860e-6,0.0179520,25.01,0.0976410,600.164,2332.23,0.0233223,1.00000e-7
1.25664,7.78455e-6,0.0189760,25.01,0.0982475,600.164,2594.14,0.0259414,1.00000e-7
1.25664,8.52515e-6,0.0200000,25.01,0.0974693,600.164,2840.94,0.0284094,1.00000e-7
1.25664,9.32062e-6,0.0210240,25.01,0.0983200,600.164,3106.02,0.0310602,1.00000e-7
1.25664,1.02031e-5,0.0220480,25.01,0.0989609,600.164,3400.11,0.0340011,1.00000e-7
1.25664,1.11376e-5,0.0230720,25.01,0.0982208,600.164,3711.51,0.0371151,1.00000e-7
1.25664,1.21049e-5,0.0240960,25.01,0.0988121,600.164,4033.87,0.0403387,1.00000e-7
1.25664,1.31769e-5,0.0251200,25.01,0.101032,600.164,4391.09,0.0439109,1.00000e-7
1.25664,1.43051e-5,0.0261440,25.01,0.100761,600.164,4767.08,0.0476708,1.00000e-7
1.25664,1.54301e-5,0.0271680,25.01,0.0998688,600.164,5141.97,0.0514197,1.00000e-7
1.25664,1.65997e-5,0.0281920,25.01,0.0998573,600.164,5531.73,0.0553173,1.00000e-7
1.25664,1.78074e-5,0.0292160,25.01,0.100243,600.164,5934.17,0.0593417,1.00000e-7
1.25664,1.90443e-5,0.0302400,25.01,0.0992584,600.164,6346.35,0.0634635,1.00000e-7
1.25664,2.02815e-5,0.0312640,25.01,0.100101,600.164,6758.66,0.0675866,1.00000e-7
1.25664,2.15129e-5,0.0322880,25.01,0.102104,600.164,7169.02,0.0716902,1.00000e-7
1.25664,2.27817e-5,0.0333120,25.01,0.101757,600.164,7591.81,0.0759181,1.00000e-7
1.25664,2.41177e-5,0.0343360,25.01,0.100407,600.164,8037.03,0.0803703,1.00000e-7
1.25664,2.54665e-5,0.0353600,25.01,0.100372,600.164,8486.51,0.0848651,1.00000e-7
1.25664,2.68478e-5,0.0363840,25.01,0.0987587,600.164,8946.83,0.0894683,1.00000e-7
1.25664,2.82449e-5,0.0374080,25.01,0.0993233,600.164,9412.40,0.0941240,1.00000e-7
1.25664,2.97122e-5,0.0384320,25.01,0.0986900,600.164,9901.37,0.0990137,1.00000e-7
1.25664,3.11357e-5,0.0394560,25.01,0.0985336,600.164,10375.7,0.103757,1.00000e-7
1.25664,3.26095e-5,0.0404800,25.01,0.0990334,600.164,10866.9,0.108669,1.00000e-7
1.25664,3.49195e-5,0.0420160,25.01,0.0985909,600.164,11636.6,0.116366,1.00000e-7
1.25664,3.80516e-5,0.0440640,25.01,0.0992584,600.164,12680.4,0.126804,1.00000e-7
1.25664,4.12077e-5,0.0461120,25.01,0.0992279,600.164,13732.1,0.137321,1.00000e-7
1.25664,4.45204e-5,0.0481600,25.01,0.100117,600.121,14837.2,0.148372,1.00000e-7
1.25664,4.79764e-5,0.0502080,25.01,0.100975,600.121,15988.9,0.159889,1.00000e-7
1.25664,5.14367e-5,0.0522560,25.01,0.0991249,600.121,17142.1,0.171421,1.00000e-7
1.25664,5.50481e-5,0.0543040,25.01,0.0995026,600.121,18345.7,0.183457,1.00000e-7
1.25664,5.86910e-5,0.0563520,25.01,0.0979996,600.121,19559.7,0.195597,1.00000e-7
1.25664,6.23830e-5,0.0584000,25.01,0.0975609,600.121,20790.2,0.207901,1.00000e-7
1.25664,6.62846e-5,0.0604480,25.01,0.0975342,600.121,22090.4,0.220904,1.00000e-7
1.25664,7.03362e-5,0.0624960,25.01,0.0962372,600.121,23440.7,0.234407,1.00000e-7
1.25664,7.44638e-5,0.0645440,25.01,0.0978851,600.121,24816.3,0.248163,1.00000e-7
1.25664,7.86869e-5,0.0665920,25.01,0.0988426,600.121,26223.7,0.262237,1.00000e-7
1.25664,8.28006e-5,0.0686400,25.01,0.0997276,600.121,27594.6,0.275946,1.00000e-7
1.25664,8.69292e-5,0.0706880,25.01,0.102497,600.121,28970.5,0.289705,1.00000e-7
1.25664,9.11901e-5,0.0727360,25.01,0.102634,600.121,30390.6,0.303906,1.00000e-7
1.25664,9.54166e-5,0.0747840,25.01,0.106628,600.121,31799.1,0.317991,1.00000e-7
1.25664,9.95452e-5,0.0768320,25.01,0.105404,600.121,33175.0,0.331750,1.00000e-7
1.25664,1.03788e-4,0.0788800,25.01,0.104908,600.121,34589.1,0.345891,1.00000e-7
1.25664,1.08079e-4,0.0809280,25.01,0.105495,600.121,36019.2,0.360192,1.00000e-7
1.25664,1.12244e-4,0.0829760,25.01,0.103340,600.121,37407.1,0.374071,1.00000e-7
1.25664,1.16445e-4,0.0850240,25.01,0.100452,600.121,38807.2,0.388072,1.00000e-7
1.25664,1.20625e-4,0.0870720,25.01,0.100208,600.121,40200.4,0.402004,1.00000e-7
1.25664,1.24797e-4,0.0891200,25.01,0.0969772,600.121,41590.5,0.415905,1.00000e-7
1.25664,1.28882e-4,0.0911680,25.01,0.0947800,600.121,42951.9,0.429519,1.00000e-7
1.25664,1.32819e-4,0.0932160,25.01,0.0944748,600.121,44264.2,0.442642,1.00000e-7
1.25664,1.36708e-4,0.0952640,25.01,0.0936775,600.121,45560.1,0.455601,1.00000e-7
1.25664,1.40698e-4,0.0973120,25.01,0.0945091,600.121,46889.8,0.468898,1.00000e-7
1.25664,1.44724e-4,0.0993600,25.01,0.0962257,600.121,48231.7,0.482317,1.00000e-7
1.25664,1.48734e-4,0.101408,25.01,0.0960312,600.121,49568.0,0.495680,1.00000e-7
1.25664,1.52733e-4,0.103456,25.01,0.0953789,600.121,50900.6,0.509006,1.00000e-7
1.25664,1.56572e-4,0.105504,25.01,0.0990944,600.121,52180.1,0.521800,1.00000e-7
1.25664,1.60334e-4,0.107552,25.01,0.100445,600.121,53433.8,0.534338,1.00000e-7
1.25664,1.64205e-4,0.109600,25.01,0.100285,600.121,54724.0,0.547240,1.00000e-7
1.25664,1.68126e-4,0.111648,25.01,0.103836,600.121,56030.7,0.560307,1.00000e-7
1.25664,1.71896e-4,0.113696,25.01,0.103436,600.121,57287.1,0.572871,1.00000e-7
1.25664,1.75651e-4,0.115744,25.01,0.102985,600.121,58538.6,0.585386,1.00000e-7
1.25664,1.79290e-4,0.117792,25.01,0.105663,600.121,59751.2,0.597512,1.00000e-7
1.25664,1.82842e-4,0.119840,25.01,0.102394,600.121,60935.1,0.609351,1.00000e-7
1.25664,1.86336e-4,0.121888,25.01,0.101776,600.121,62099.6,0.620996,1.00000e-7
1.25664,1.91301e-4,0.124960,25.01,0.100910,600.121,63754.1,0.637541,1.00000e-7
1.25664,1.97458e-4,0.129056,25.01,0.101448,600.121,65806.1,0.658061,1.00000e-7
1.25664,2.03056e-4,0.133152,25.01,0.102444,600.121,67671.6,0.676716,1.00000e-7
1.25664,2.08286e-4,0.137248,25.01,0.102596,600.121,69414.5,0.694145,1.00000e-7
1.25664,2.13142e-4,0.141344,25.01,0.100796,600.121,71033.2,0.710332,1.00000e-7
1.25664,2.17410e-4,0.145440,25.01,0.0978889,600.121,72455.3,0.724553,1.00000e-7
1.25664,2.21702e-4,0.149536,25.01,0.0988770,600.121,73885.7,0.738857,1.00000e-7
1.25664,2.25412e-4,0.153632,25.01,0.100887,600.121,75122.3,0.751223,1.00000e-7
1.25664,2.28663e-4,0.157728,25.01,0.101254,600.121,76205.7,0.762057,1.00000e-7
1.25664,2.31294e-4,0.161824,25.01,0.104004,600.121,77082.4,0.770824,1.00000e-7
1.25664,2.33692e-4,0.165920,25.01,0.103409,600.121,77881.7,0.778817,1.00000e-7
1.25664,2.35417e-4,0.170016,25.01,0.101551,600.121,78456.6,0.784566,1.00000e-7
1.25664,2.36683e-4,0.174112,25.01,0.100212,600.121,78878.5,0.788785,1.00000e-7
1.25664,2.37496e-4,0.178208,25.01,0.0992165,600.121,79149.2,0.791492,1.00000e-7
1.25664,2.37969e-4,0.182304,25.01,0.0986176,600.121,79307.0,0.793070,1.00000e-7
1.25664,2.38258e-4,0.186400,25.01,0.100361,600.121,79403.4,0.794034,1.00000e-7
1.25664,2.38019e-4,0.190496,25.01,0.102489,600.121,79323.6,0.793236,1.00000e-7
1.25664,2.37562e-4,0.194592,25.01,0.101067,600.121,79171.4,0.791714,1.00000e-7
1.25664,2.36854e-4,0.198688,25.01,0.102245,600.121,78935.4,0.789353,1.00000e-7
1.25664,2.36054e-4,0.202784,25.01,0.101707,600.121,78668.8,0.786688,1.00000e-7
1.25664,2.34570e-4,0.206880,25.01,0.0996819,600.121,78174.1,0.781741,1.00000e-7
1.25664,2.33086e-4,0.210976,25.01,0.0994949,600.121,77679.7,0.776797,1.00000e-7
1.25664,2.31038e-4,0.215072,25.01,0.102505,600.121,76997.1,0.769971,1.00000e-7
1.25664,2.28687e-4,0.219168,25.01,0.104351,600.121,76213.5,0.762135,1.00000e-7
1.25664,2.26284e-4,0.223264,25.01,0.105434,600.121,75412.9,0.754129,1.00000e-7
1.25664,2.23701e-4,0.227360,25.01,0.104237,600.121,74552.1,0.745521,1.00000e-7
1.25664,2.20983e-4,0.231456,25.01,0.100182,600.121,73646.1,0.736460,1.00000e-7
1.25664,2.18135e-4,0.235552,25.01,0.0982475,600.121,72696.9,0.726969,1.00000e-7
1.25664,2.15217e-4,0.239648,25.01,0.101131,600.121,71724.5,0.717245,1.00000e-7
1.25664,2.11920e-4,0.243744,25.01,0.104301,600.121,70625.8,0.706258,1.00000e-7
1.25664,2.08785e-4,0.247840,25.01,0.106583,600.121,69580.9,0.695809,1.00000e-7
1.25664,2.05534e-4,0.251936,25.01,0.105686,600.121,68497.7,0.684976,1.00000e-7
1.25664,2.02288e-4,0.256032,25.01,0.103016,600.086,67419.7,0.674197,1.00000e-7
1.25664,1.99072e-4,0.260128,25.01,0.103130,600.086,66347.9,0.663478,1.00000e-7
1.25664,1.96151e-4,0.264224,25.01,0.103401,600.086,65374.4,0.653744,1.00000e-7
1.25664,1.93079e-4,0.268320,25.01,0.103416,600.086,64350.6,0.643506,1.00000e-7
1.25664,1.90247e-4,0.272416,25.01,0.103474,600.086,63406.5,0.634065,1.00000e-7
1.25664,1.87565e-4,0.276512,25.01,0.103622,600.086,62512.6,0.625126,1.00000e-7
1.25664,1.84731e-4,0.280608,25.01,0.105530,600.086,61568.3,0.615683,1.00000e-7
1.25664,1.82526e-4,0.284704,25.01,0.106472,600.086,60833.2,0.608332,1.00000e-7
1.25664,1.79331e-4,0.290848,25.01,0.102554,600.086,59768.5,0.597685,1.00000e-7
1.25664,1.75482e-4,0.299040,25.01,0.102772,600.086,58485.6,0.584856,1.00000e-7
1.25664,1.72187e-4,0.307232,25.01,0.105198,600.086,57387.3,0.573873,1.00000e-7
1.25664,1.69838e-4,0.315424,25.01,0.101082,600.086,56604.4,0.566044,1.00000e-7
1.25664,1.68498e-4,0.323616,25.01,0.104855,600.086,56157.8,0.561578,1.00000e-7
1.25664,1.67949e-4,0.331808,25.01,0.107857,600.086,55975.1,0.559751,1.00000e-7
1.25664,1.68339e-4,0.340000,25.01,0.101868,600.086,56105.1,0.561051,1.00000e-7
1.25664,1.69627e-4,0.348192,25.01,0.102917,600.086,56534.3,0.565343,1.00000e-7
1.25664,1.71627e-4,0.356384,25.01,0.106812,600.086,57200.8,0.572008,1.00000e-7
1.25664,1.74553e-4,0.364576,25.01,0.105022,600.086,58176.1,0.581761,1.00000e-7
1.25664,1.78403e-4,0.372768,25.01,0.105824,600.086,59459.1,0.594591,1.00000e-7
1.25664,1.82682e-4,0.380960,25.01,0.102695,600.086,60885.4,0.608854,1.00000e-7
1.25664,1.87014e-4,0.389152,25.01,0.107395,600.086,62329.2,0.623292,1.00000e-7
1.25664,1.91651e-4,0.397344,25.01,0.110027,600.086,63874.4,0.638744,1.00000e-7
1.25664,1.96776e-4,0.405536,25.01,0.106174,600.086,65582.7,0.655827,1.00000e-7
1.25664,2.01966e-4,0.413728,25.01,0.107853,600.086,67312.3,0.673123,1.00000e-7
1.25664,2.07103e-4,0.421920,25.01,0.107834,600.086,69024.3,0.690243,1.00000e-7
1.25664,2.12436e-4,0.430112,25.01,0.106403,600.086,70802.0,0.708020,1.00000e-7
1.25664,2.17777e-4,0.438304,25.01,0.108433,600.086,72582.0,0.725820,1.00000e-7
1.25664,2.22677e-4,0.446496,25.01,0.107407,600.086,74214.9,0.742149,1.00000e-7
1.25664,2.26824e-4,0.454688,25.01,0.105980,600.066,75599.6,0.755996,1.00000e-7
1.25664,2.30535e-4,0.462880,25.01,0.105255,600.066,76836.4,0.768364,1.00000e-7
1.25664,2.33821e-4,0.471072,25.01,0.108410,600.066,77931.8,0.779318,1.00000e-7
1.25664,2.36949e-4,0.479264,25.01,0.110001,600.066,78974.1,0.789741,1.00000e-7
1.25664,2.39919e-4,0.487456,25.01,0.105370,600.066,79964.2,0.799641,1.00000e-7
1.25664,2.42055e-4,0.495648,25.01,0.107227,600.066,80676.2,0.806762,1.00000e-7
1.25664,2.43271e-4,0.503840,25.01,0.110195,600.066,81081.4,0.810814,1.00000e-7
1.25664,2.44328e-4,0.512032,25.01,0.106388,600.066,81433.8,0.814338,1.00000e-7
1.25664,2.45014e-4,0.520224,25.01,0.106724,600.066,81662.4,0.816624,1.00000e-7
1.25664,2.45209e-4,0.528416,25.01,0.112732,600.066,81727.3,0.817273,1.00000e-7
1.25664,2.44846e-4,0.536608,25.01,0.110485,600.066,81606.3,0.816063,1.00000e-7
1.25664,2.44241e-4,0.544800,25.01,0.109673,600.066,81404.6,0.814046,1.00000e-7
1.25664,2.43375e-4,0.552992,25.01,0.109913,600.066,81115.9,0.811159,1.00000e-7
1.25664,2.42267e-4,0.561184,25.01,0.114235,600.066,80746.7,0.807467,1.00000e-7
1.25664,2.41281e-4,0.569376,25.01,0.109333,600.066,80418.0,0.804180,1.00000e-7
1.25664,2.40328e-4,0.577568,25.01,0.109322,600.066,80100.4,0.801004,1.00000e-7
1.25664,2.39249e-4,0.585760,25.01,0.113110,600.066,79740.7,0.797407,1.00000e-7
1.25664,2.37886e-4,0.593952,25.01,0.111984,600.066,79286.7,0.792867,1.00000e-7
1.25664,2.36529e-4,0.602144,25.01,0.107872,600.066,78834.2,0.788342,1.00000e-7
1.25664,2.34964e-4,0.610336,25.01,0.108616,600.066,78312.6,0.783126,1.00000e-7
1.25664,2.33379e-4,0.622624,25.01,0.110626,600.066,77784.4,0.777844,1.00000e-7
1.25664,2.33057e-4,0.639008,25.01,0.114452,600.066,77677.0,0.776770,1.00000e-7
1.25664,2.33131e-4,0.655392,25.01,0.103909,600.066,77701.7,0.777017,1.00000e-7
1.25664,2.34220e-4,0.671776,25.01,0.118404,600.008,78072.5,0.780725,1.00000e-7
1.25664,2.36120e-4,0.688160,25.01,0.109230,600.008,78705.5,0.787055,1.00000e-7
1.25664,2.38344e-4,0.704544,25.01,0.111904,600.008,79446.9,0.794469,1.00000e-7
1.25664,2.42493e-4,0.720928,25.01,0.111843,600.008,80829.8,0.808298,1.00000e-7
1.25664,2.46336e-4,0.737312,25.01,0.109722,600.008,82110.8,0.821108,1.00000e-7
1.25664,2.49834e-4,0.753696,25.01,0.115707,600.008,83276.9,0.832769,1.00000e-7
1.25664,2.53835e-4,0.770080,25.01,0.109245,600.008,84610.7,0.846107,1.00000e-7
1.25664,2.57459e-4,0.786464,25.01,0.113052,600.008,85818.7,0.858187,1.00000e-7
1.25664,2.60654e-4,0.802848,25.01,0.110985,600.008,86883.4,0.868834,1.00000e-7
1.25664,2.62569e-4,0.819232,25.01,0.114883,600.008,87521.9,0.875219,1.00000e-7
1.25664,2.64500e-4,0.835616,25.01,0.112095,600.008,88165.4,0.881654,1.00000e-7
1.25664,2.66225e-4,0.852000,25.01,0.110825,600.008,88740.5,0.887405,1.00000e-7
1.25664,2.67362e-4,0.868384,25.01,0.114803,599.941,89129.2,0.891292,1.00000e-7
1.25664,2.67349e-4,0.884768,25.01,0.110767,599.941,89125.1,0.891250,1.00000e-7
1.25664,2.67540e-4,0.901152,25.01,0.116726,599.941,89188.7,0.891887,1.00000e-7
1.25664,2.67953e-4,0.917536,25.01,0.110615,599.941,89326.4,0.893264,1.00000e-7
1.25664,2.68229e-4,0.933920,25.01,0.109520,599.941,89418.4,0.894184,1.00000e-7
1.25664,2.69214e-4,0.950304,25.01,0.117355,599.941,89746.9,0.897469,1.00000e-7
1.25664,2.68909e-4,0.966688,25.01,0.111118,599.941,89645.1,0.896451,1.00000e-7
1.25664,2.69534e-4,0.983072,25.01,0.116512,599.941,89853.4,0.898534,1.00000e-7
1.25664,2.71609e-4,0.999456,25.01,0.112286,599.941,90545.1,0.905451,1.00000e-7
1.25664,2.72624e-4,1.01584,25.01,0.110271,599.941,90883.6,0.908836,1.00000e-7
1.25664,2.74077e-4,1.03222,25.01,0.117344,599.941,91368.1,0.913681,1.00000e-7
1.25664,2.76021e-4,1.04861,25.01,0.110939,599.941,92015.9,0.920159,1.00000e-7
1.25664,2.77419e-4,1.06499,25.01,0.112320,599.922,92485.1,0.924851,1.00000e-7
1.25664,2.79784e-4,1.08138,25.01,0.113056,599.922,93273.4,0.932734,1.00000e-7
1.25664,2.82079e-4,1.09776,25.01,0.115574,599.922,94038.6,0.940386,1.00000e-7
1.25664,2.83332e-4,1.11414,25.01,0.113827,599.922,94456.4,0.944564,1.00000e-7
1.25664,2.84939e-4,1.13053,25.01,0.112629,599.922,94991.9,0.949919,1.00000e-7
1.25664,2.86610e-4,1.14691,25.01,0.112946,599.922,95549.0,0.955490,1.00000e-7
1.25664,2.88277e-4,1.16330,25.01,0.113297,599.922,96104.9,0.961049,1.00000e-7
1.25664,2.89846e-4,1.17968,25.01,0.117092,599.922,96627.9,0.966279,1.00000e-7
1.25664,2.90611e-4,1.19606,25.01,0.110760,599.922,96882.9,0.968829,1.00000e-7
1.25664,2.91311e-4,1.21245,25.01,0.114105,599.922,97116.3,0.971163,1.00000e-7
1.25664,2.92454e-4,1.22883,25.01,0.113285,599.922,97497.3,0.974972,1.00000e-7
1.25664,2.93621e-4,1.24522,25.01,0.113510,599.922,97886.5,0.978865,1.00000e-7
1.25664,2.94683e-4,1.26160,25.01,0.115208,599.922,98240.4,0.982404,1.00000e-7
1.25664,2.95454e-4,1.28618,25.01,0.115749,599.883,98504.0,0.985040,1.00000e-7
1.25664,2.97682e-4,1.31894,25.01,0.112049,599.883,99246.9,0.992468,1.00000e-7
1.25664,2.99855e-4,1.35171,25.01,0.107773,599.883,99971.1,0.999711,1.00000e-7
1.25664,3.02370e-4,1.38448,25.01,0.113338,599.883,100810,1.00810,1.00000e-7
1.25664,3.05088e-4,1.41725,25.01,0.111393,599.883,101716,1.01716,1.00000e-7
1.25664,3.07696e-4,1.45002,25.01,0.113911,599.883,102585,1.02585,1.00000e-7
1.25664,3.10301e-4,1.48278,25.01,0.112202,599.879,103454,1.03454,1.00000e-7
1.25664,3.12266e-4,1.51555,25.01,0.113167,599.879,104110,1.04110,1.00000e-7
1.25664,3.14825e-4,1.54832,25.01,0.107258,599.879,104963,1.04963,1.00000e-7
1.25664,3.15976e-4,1.58109,25.01,0.109692,599.879,105346,1.05346,1.00000e-7
1.25664,3.18631e-4,1.61386,25.01,0.109665,599.879,106232,1.06232,1.00000e-7
1.25664,3.20015e-4,1.64662,25.01,0.111931,599.879,106693,1.06693,1.00000e-7
1.25664,3.22234e-4,1.67939,25.01,0.111343,599.879,107433,1.07433,1.00000e-7
1.25664,3.24444e-4,1.71216,25.01,0.111691,599.879,108170,1.08170,1.00000e-7
1.25664,3.26304e-4,1.74493,25.01,0.110531,599.879,108790,1.08790,1.00000e-7
1.25664,3.28561e-4,1.77770,25.01,0.108856,599.879,109542,1.09542,1.00000e-7
1.25664,3.30747e-4,1.81046,25.01,0.108997,599.879,110271,1.10271,1.00000e-7
1.25664,3.32655e-4,1.84323,25.01,0.109837,599.879,110907,1.10907,1.00000e-7
1.25664,3.34410e-4,1.87600,25.01,0.110806,599.883,111492,1.11492,1.00000e-7
1.25664,3.36637e-4,1.90877,25.01,0.109470,599.883,112234,1.12234,1.00000e-7
1.25664,3.38092e-4,1.94154,25.01,0.109249,599.883,112719,1.12719,1.00000e-7
1.25664,3.40158e-4,1.97430,25.01,0.106709,599.883,113408,1.13408,1.00000e-7
1.25664,3.42056e-4,2.00707,25.01,0.105484,599.883,114041,1.14041,1.00000e-7
1.25664,3.44063e-4,2.03984,25.01,0.101696,599.883,114710,1.14710,1.00000e-7
1.25664,3.46180e-4,2.07261,25.01,0.107494,599.906,115411,1.15411,1.00000e-7
1.25664,3.47868e-4,2.10538,25.01,0.108677,599.906,115974,1.15974,1.00000e-7
1.25664,3.49975e-4,2.13814,25.01,0.107925,599.906,116677,1.16677,1.00000e-7
1.25664,3.51724e-4,2.17091,25.01,0.105576,599.906,117260,1.17260,1.00000e-7
1.25664,3.53502e-4,2.20368,25.01,0.107361,599.906,117852,1.17852,1.00000e-7
1.25664,3.55143e-4,2.23645,25.01,0.103916,599.906,118399,1.18399,1.00000e-7
1.25664,3.57245e-4,2.26922,25.00,0.104942,599.926,119096,1.19096,1.00000e-7
1.25664,3.58641e-4,2.30198,25.00,0.108059,599.926,119562,1.19562,1.00000e-7
1.25664,3.60601e-4,2.33475,25.00,0.104340,599.926,120215,1.20215,1.00000e-7
1.25664,3.62593e-4,2.36752,25.00,0.103596,599.926,120879,1.20879,1.00000e-7
1.25664,3.64085e-4,2.40029,25.00,0.100113,599.926,121377,1.21377,1.00000e-7
1.25664,3.66122e-4,2.43306,25.00,0.0978432,599.926,122056,1.22056,1.00000e-7
1.25664,3.67638e-4,2.46582,25.00,0.0994034,599.945,122557,1.22557,1.00000e-7
1.25664,3.69454e-4,2.49859,25.00,0.102055,599.945,123163,1.23163,1.00000e-7
1.25664,3.71182e-4,2.53136,25.00,0.0980415,599.945,123739,1.23739,1.00000e-7
1.25664,3.72929e-4,2.56413,25.00,0.100521,599.945,124321,1.24321,1.00000e-7
1.25664,3.75459e-4,2.61328,25.00,0.0968666,599.945,125164,1.25164,1.00000e-7
1.25664,3.79033e-4,2.67882,25.01,0.0959587,600.023,126339,1.26339,1.00000e-7
1.25664,3.82453e-4,2.74435,25.01,0.0930138,600.023,127479,1.27479,1.00000e-7
1.25664,3.85678e-4,2.80989,25.01,0.0903969,600.023,128554,1.28554,1.00000e-7
1.25664,3.89194e-4,2.87542,25.01,0.0849686,600.062,129718,1.29718,1.00000e-7
1.25664,3.92303e-4,2.94096,25.01,0.0899239,600.062,130754,1.30754,1.00000e-7
1.25664,3.95545e-4,3.00650,25.01,0.0847549,600.062,131835,1.31835,1.00000e-7
1.25664,3.98568e-4,3.07203,25.01,0.0853691,600.121,132829,1.32829,1.00000e-7
1.25664,4.01865e-4,3.13757,25.01,0.0891075,600.121,133928,1.33928,1.00000e-7
1.25664,4.04841e-4,3.20310,25.01,0.0860596,600.121,134920,1.34920,1.00000e-7
1.25664,4.07713e-4,3.26864,25.01,0.0881042,600.160,135868,1.35868,1.00000e-7
1.25664,4.10686e-4,3.33418,25.01,0.0916214,600.160,136859,1.36859,1.00000e-7
1.25664,4.13703e-4,3.39971,25.01,0.0893326,600.160,137864,1.37864,1.00000e-7
1.25664,4.16607e-4,3.46525,25.02,0.0888405,600.180,138827,1.38827,1.00000e-7
1.25664,4.19282e-4,3.53078,25.02,0.0886688,600.180,139719,1.39719,1.00000e-7
1.25664,4.22004e-4,3.59632,25.02,0.0951576,600.180,140626,1.40626,1.00000e-7
1.25664,4.24844e-4,3.66186,25.02,0.0900574,600.180,141572,1.41572,1.00000e-7
1.25664,4.27758e-4,3.72739,25.02,0.0947762,600.180,142543,1.42543,1.00000e-7
1.25664,4.30327e-4,3.79293,25.02,0.0928574,600.180,143400,1.43400,1.00000e-7
1.25664,4.32803e-4,3.85846,25.00,0.0917511,600.180,144224,1.44224,1.00000e-7
1.25664,4.35607e-4,3.92400,25.00,0.0913811,600.168,145162,1.45162,1.00000e-7
1.25664,4.37979e-4,3.98954,25.00,0.0980072,600.168,145952,1.45952,1.00000e-7
1.25664,4.40785e-4,4.05507,25.00,0.0953598,600.168,146887,1.46887,1.00000e-7
1.25664,4.43217e-4,4.12061,25.00,0.0930290,600.168,147698,1.47698,1.00000e-7
1.25664,4.45769e-4,4.18614,25.00,0.100700,600.168,148548,1.48548,1.00000e-7
1.25664,4.48132e-4,4.25168,25.00,0.0938873,600.168,149336,1.49336,1.00000e-7
1.25664,4.50601e-4,4.31722,25.00,0.0989037,600.129,150168,1.50168,1.00000e-7
1.25664,4.52787e-4,4.38275,25.00,0.100552,600.129,150897,1.50897,1.00000e-7
1.25664,4.55199e-4,4.44829,25.00,0.100266,600.129,151700,1.51700,1.00000e-7
1.25664,4.57426e-4,4.51382,25.00,0.103680,600.121,152445,1.52445,1.00000e-7
1.25664,4.59560e-4,4.57936,25.00,0.106316,600.121,153156,1.53156,1.00000e-7
1.25664,4.61883e-4,4.64490,25.00,0.103428,600.121,153930,1.53930,1.00000e-7
1.25664,4.64196e-4,4.71043,25.01,0.110241,600.059,154717,1.54717,1.00000e-7
1.25664,4.66236e-4,4.77597,25.01,0.110100,600.059,155397,1.55397,1.00000e-7
1.25664,4.68192e-4,4.84150,25.01,0.110966,600.059,156049,1.56049,1.00000e-7
1.25664,4.70263e-4,4.90704,25.01,0.106461,600.000,156754,1.56754,1.00000e-7
1.25664,4.72580e-4,4.97258,25.01,0.110844,600.000,157527,1.57527,1.00000e-7
1.25664,4.74644e-4,5.03811,25.01,0.110928,600.000,158215,1.58215,1.00000e-7
1.25664,4.76772e-4,5.10365,25.01,0.115623,599.941,158939,1.58939,1.00000e-7
1.25664,4.79091e-4,5.16918,25.01,0.109966,599.941,159713,1.59713,1.00000e-7
1.25664,4.82502e-4,5.26749,25.01,0.115471,599.898,160861,1.60861,1.00000e-7
1.25664,4.86815e-4,5.39856,25.01,0.113056,599.898,162299,1.62299,1.00000e-7
1.25664,4.91194e-4,5.52963,25.01,0.108082,599.879,163764,1.63764,1.00000e-7
1.25664,4.95784e-4,5.66070,25.01,0.112514,599.879,165295,1.65295,1.00000e-7
1.25664,5.00207e-4,5.79178,25.01,0.104481,599.879,166769,1.66769,1.00000e-7
1.25664,5.04672e-4,5.92285,25.01,0.104427,599.879,168258,1.68258,1.00000e-7
1.25664,5.08807e-4,6.05392,25.01,0.110634,599.879,169637,1.69637,1.00000e-7
1.25664,5.13375e-4,6.18499,25.01,0.107430,599.879,171159,1.71159,1.00000e-7
1.25664,5.17510e-4,6.31606,25.01,0.105850,599.879,172538,1.72538,1.00000e-7
1.25664,5.21742e-4,6.44714,25.01,0.101711,599.902,173942,1.73942,1.00000e-7
1.25664,5.26030e-4,6.57821,25.01,0.0988007,599.902,175372,1.75372,1.00000e-7
1.25664,5.30491e-4,6.70928,25.01,0.0953751,599.941,176847,1.76847,1.00000e-7
1.25664,5.34845e-4,6.84035,25.01,0.0950584,600.000,178282,1.78282,1.00000e-7
1.25664,5.39414e-4,6.97142,25.01,0.0871277,600.000,179805,1.79805,1.00000e-7
1.25664,5.44086e-4,7.10250,25.01,0.0899887,600.059,181344,1.81344,1.00000e-7
1.25664,5.48372e-4,7.23357,25.01,0.0858002,600.059,182773,1.82773,1.00000e-7
1.25664,5.52763e-4,7.36464,25.01,0.0862465,600.121,184217,1.84217,1.00000e-7
1.25664,5.56671e-4,7.49571,25.01,0.0883713,600.184,185500,1.85500,1.00000e-7
1.25664,5.60592e-4,7.62678,25.01,0.0858688,600.184,186807,1.86807,1.00000e-7
1.25664,5.64360e-4,7.75786,25.01,0.0903702,600.223,188050,1.88050,1.00000e-7
1.25664,5.68380e-4,7.88893,25.01,0.0879898,600.223,189390,1.89390,1.00000e-7
1.25664,5.71995e-4,8.02000,25.01,0.0936508,600.223,190594,1.90594,1.00000e-7
1.25664,5.75658e-4,8.15107,25.01,0.0983238,600.184,191827,1.91827,1.00000e-7
1.25664,5.79175e-4,8.28214,25.01,0.0891533,600.164,193006,1.93006,1.00000e-7
1.25664,5.82897e-4,8.41322,25.01,0.0951500,600.164,194246,1.94246,1.00000e-7
1.25664,5.86212e-4,8.54429,25.01,0.0983582,600.121,195365,1.95365,1.00000e-7
1.25664,5.89072e-4,8.67536,25.01,0.103542,600.082,196331,1.96331,1.00000e-7
1.25664,5.92209e-4,8.80643,25.01,0.111568,600.082,197376,1.97376,1.00000e-7
1.25664,5.95188e-4,8.93750,25.01,0.109901,600.020,198390,1.98390,1.00000e-7
1.25664,5.98199e-4,9.06858,25.01,0.111305,599.938,199420,1.99420,1.00000e-7
1.25664,6.01151e-4,9.19965,25.01,0.115654,599.938,200405,2.00405,1.00000e-7
1.25664,6.04056e-4,9.33072,25.01,0.112766,599.898,201386,2.01386,1.00000e-7
1.25664,6.07158e-4,9.46179,25.01,0.113934,599.840,202440,2.02440,1.00000e-7
1.25664,6.10755e-4,9.59286,25.01,0.112316,599.840,203639,2.03639,1.00000e-7
1.25664,6.14171e-4,9.72394,25.01,0.105350,599.840,204778,2.04778,1.00000e-7
1.25664,6.17662e-4,9.85501,25.01,0.109379,599.840,205942,2.05942,1.00000e-7
1.25664,6.20987e-4,9.98608,25.01,0.109333,599.840,207051,2.07051,1.00000e-7
1.25664,6.24399e-4,10.1172,25.01,0.105835,599.840,208189,2.08189,1.00000e-7
1.25664,6.27935e-4,10.2482,25.01,0.105656,599.840,209367,2.09367,1.00000e-7
1.25664,6.31301e-4,10.3793,25.01,0.0979958,599.879,210476,2.10476,1.00000e-7
1.25664,6.36739e-4,10.5759,25.01,0.0953026,599.898,212282,2.12282,1.00000e-7
1.25664,6.44202e-4,10.8380,25.01,0.0866508,600.059,214713,2.14713,1.00000e-7
1.25664,6.51561e-4,11.1002,25.01,0.0817986,600.121,217143,2.17143,1.00000e-7
1.25664,6.58593e-4,11.3623,25.01,0.0821342,600.223,219450,2.19450,1.00000e-7
1.25664,6.65202e-4,11.6245,25.01,0.0855026,600.262,221637,2.21637,1.00000e-7
1.25664,6.71612e-4,11.8866,25.01,0.0887985,600.242,223780,2.23780,1.00000e-7
1.25664,6.77417e-4,12.1488,25.01,0.0932846,600.223,225722,2.25722,1.00000e-7
1.25664,6.82592e-4,12.4109,25.01,0.105106,600.055,227510,2.27510,1.00000e-7
1.25664,6.87072e-4,12.6731,25.02,0.114601,599.992,229027,2.29027,1.00000e-7
1.25664,6.91597e-4,12.9352,25.02,0.115715,599.875,230580,2.30580,1.00000e-7
1.25664,6.97076e-4,13.1973,25.01,0.112896,599.797,232437,2.32437,1.00000e-7
1.25664,7.02929e-4,13.4595,25.01,0.108952,599.777,234397,2.34397,1.00000e-7
1.25664,7.09093e-4,13.7216,25.01,0.107937,599.797,236445,2.36445,1.00000e-7
1.25664,7.15510e-4,13.9838,25.02,0.0954323,599.836,238569,2.38569,1.00000e-7
1.25664,7.22552e-4,14.2459,25.01,0.0805321,600.039,240835,2.40835,1.00000e-7
1.25664,7.29605e-4,14.5081,25.01,0.0743179,600.219,243113,2.43113,1.00000e-7
1.25664,7.36092e-4,14.7702,25.01,0.0807800,600.340,245225,2.45225,1.00000e-7
1.25664,7.41886e-4,15.0324,25.01,0.0846443,600.340,247155,2.47155,1.00000e-7
1.25664,7.47244e-4,15.2945,25.01,0.0919228,600.301,248957,2.48957,1.00000e-7
1.25664,7.51706e-4,15.5566,25.01,0.106415,600.215,250479,2.50479,1.00000e-7
1.25664,7.55033e-4,15.8188,25.01,0.126076,599.836,251747,2.51747,1.00000e-7
1.25664,7.58162e-4,16.0809,25.01,0.120884,599.680,252856,2.52856,1.00000e-7
1.25664,7.63300e-4,16.3431,25.00,0.114304,599.660,254577,2.54577,1.00000e-7
1.25664,7.68959e-4,16.6052,25.01,0.106678,599.680,256456,2.56456,1.00000e-7
1.25664,7.75316e-4,16.8674,25.01,0.0948830,599.777,258535,2.58535,1.00000e-7
1.25664,7.82845e-4,17.1295,25.01,0.0680389,600.000,260948,2.60948,1.00000e-7
1.25664,7.89892e-4,17.3916,25.00,0.0683022,600.383,263129,2.63129,1.00000e-7
1.25664,7.95685e-4,17.6538,25.00,0.0750237,600.441,265033,2.65033,1.00000e-7
1.25664,8.00709e-4,17.9159,25.00,0.0883217,600.375,266736,2.66736,1.00000e-7
1.25664,8.04716e-4,18.1781,25.01,0.107224,600.254,268125,2.68125,1.00000e-7
1.25664,8.07096e-4,18.4402,25.01,0.121914,599.711,269162,2.69162,1.00000e-7
1.25664,8.09619e-4,18.7024,25.01,0.116123,599.613,270047,2.70047,1.00000e-7
1.25664,8.14833e-4,18.9645,25.01,0.116051,599.609,271788,2.71788,1.00000e-7
1.25664,8.20449e-4,19.2267,25.01,0.103798,599.656,273640,2.73640,1.00000e-7
1.25664,8.27500e-4,19.4888,25.01,0.0764313,599.914,275873,2.75873,1.00000e-7
1.25664,8.35030e-4,19.7509,25.01,0.0538750,600.355,278179,2.78179,1.00000e-7
1.25664,8.40882e-4,20.0131,25.01,0.0746651,600.453,280083,2.80083,1.00000e-7
1.25664,8.46043e-4,20.2752,25.01,0.0842361,600.434,281811,2.81811,1.00000e-7
1.25664,8.50139e-4,20.5374,25.01,0.101025,600.352,283214,2.83214,1.00000e-7
1.25664,8.52598e-4,20.7995,25.01,0.127323,600.113,284146,2.84146,1.00000e-7
1.25664,8.56088e-4,21.1927,25.01,0.112507,599.609,285549,2.85549,1.00000e-7
1.25664,8.67066e-4,21.7170,25.01,0.0751762,599.688,289173,2.89172,1.00000e-7
1.25664,8.80754e-4,22.2413,25.01,0.0728874,600.449,293365,2.93365,1.00000e-7
1.25664,8.90643e-4,22.7656,25.01,0.0944595,600.336,296715,2.96715,1.00000e-7
1.25664,8.95585e-4,23.2899,25.00,0.122627,599.715,298670,2.98670,1.00000e-7
1.25664,9.02126e-4,23.8142,25.00,0.103260,599.613,300903,3.00903,1.00000e-7
1.25664,9.14042e-4,24.3385,25.01,0.0608559,600.371,304493,3.04492,1.00000e-7
1.25664,9.26094e-4,24.8628,25.01,0.0747185,600.430,308477,3.08477,1.00000e-7
1.25664,9.34017e-4,25.3870,25.01,0.113716,600.148,311262,3.11262,1.00000e-7
1.25664,9.37605e-4,25.9113,25.01,0.114220,599.645,312720,3.12720,1.00000e-7
1.25664,9.45629e-4,26.4356,25.00,0.100853,599.691,315372,3.15372,1.00000e-7
1.25664,9.57770e-4,26.9599,24.99,0.0615730,600.434,319026,3.19026,1.00000e-7
1.25664,9.68104e-4,27.4842,24.99,0.0839386,600.434,322468,3.22468,1.00000e-7
1.25664,9.74767e-4,28.0085,25.01,0.116390,600.008,324918,3.24918,1.00000e-7
1.25664,9.77861e-4,28.5328,25.00,0.113354,599.652,326143,3.26143,1.00000e-7
1.25664,9.86435e-4,29.0571,25.00,0.0842896,599.715,328968,3.28968,1.00000e-7
1.25664,9.98409e-4,29.5813,25.00,0.0669975,600.438,332561,3.32561,1.00000e-7
1.25664,1.00787e-3,30.1056,25.00,0.0787926,600.414,335724,3.35724,1.00000e-7
1.25664,1.01350e-3,30.6299,25.00,0.126583,599.879,337903,3.37903,1.00000e-7
1.25664,1.01670e-3,31.1542,25.00,0.113159,599.617,339117,3.39117,1.00000e-7
1.25664,1.02554e-3,31.6785,25.00,0.0863228,599.781,341973,3.41973,1.00000e-7
1.25664,1.03719e-3,32.2028,25.01,0.0711823,600.434,345479,3.45479,1.00000e-7
1.25664,1.04574e-3,32.7271,25.00,0.0908813,600.418,348339,3.48339,1.00000e-7
1.25664,1.05066e-3,33.2514,25.00,0.123184,599.777,350348,3.50348,1.00000e-7
1.25664,1.05374e-3,33.7756,25.00,0.108566,599.621,351469,3.51469,1.00000e-7
1.25664,1.06222e-3,34.2999,25.00,0.0798073,599.781,354201,3.54201,1.00000e-7
1.25664,1.07348e-3,34.8242,25.00,0.0637283,600.422,357574,3.57574,1.00000e-7
1.25664,1.08151e-3,35.3485,25.00,0.0846329,600.383,360273,3.60273,1.00000e-7
1.25664,1.08634e-3,35.8728,25.00,0.121502,599.844,362207,3.62207,1.00000e-7
1.25664,1.08909e-3,36.3971,25.01,0.111828,599.621,363260,3.63260,1.00000e-7
1.25664,1.09728e-3,36.9214,25.00,0.0771942,599.766,365904,3.65904,1.00000e-7
1.25664,1.10834e-3,37.4457,25.00,0.0679016,600.469,369159,3.69159,1.00000e-7
1.25664,1.11613e-3,37.9700,25.00,0.0888062,600.426,371778,3.71778,1.00000e-7
1.25664,1.11936e-3,38.4942,25.00,0.123459,599.688,373315,3.73315,1.00000e-7
1.25664,1.12291e-3,39.0185,25.00,0.104725,599.629,374534,3.74534,1.00000e-7
1.25664,1.13241e-3,39.5428,25.01,0.0619202,599.926,377517,3.77517,1.00000e-7
1.25664,1.14265e-3,40.0671,25.01,0.0686493,600.465,380590,3.80590,1.00000e-7
1.25664,1.14904e-3,40.5914,25.01,0.105019,600.305,382820,3.82820,1.00000e-7
1.25664,1.15049e-3,41.1157,25.01,0.109295,599.625,383737,3.83737,1.00000e-7
1.25664,1.15637e-3,41.6400,25.00,0.100891,599.684,385661,3.85661,1.00000e-7
1.25664,1.17090e-3,42.4264,25.00,0.0785065,600.449,390006,3.90006,1.00000e-7
1.25664,1.18095e-3,43.4750,25.00,0.112076,599.629,393894,3.93894,1.00000e-7
1.25664,1.19367e-3,44.5236,25.00,0.0621948,600.445,397594,3.97594,1.00000e-7
1.25664,1.20819e-3,45.5721,24.99,0.124001,600.016,402721,4.02721,1.00000e-7
1.25664,1.21547e-3,46.6207,25.00,0.0700874,599.914,405214,4.05214,1.00000e-7
1.25664,1.23287e-3,47.6693,24.99,0.0928307,600.359,410710,4.10710,1.00000e-7
1.25664,1.23949e-3,48.7179,25.00,0.102806,599.598,413441,4.13441,1.00000e-7
1.25664,1.25480e-3,49.7664,25.00,0.0708618,600.477,417934,4.17934,1.00000e-7
1.25664,1.26428e-3,50.8150,25.00,0.111328,599.582,421719,4.21719,1.00000e-7
1.25664,1.27573e-3,51.8636,25.01,0.0596695,600.516,424879,4.24878,1.00000e-7
1.25664,1.28866e-3,52.9122,25.00,0.119690,599.645,429807,4.29807,1.00000e-7
1.25664,1.29611e-3,53.9607,25.01,0.0586662,599.926,432090,4.32090,1.00000e-7
1.25664,1.31190e-3,55.0093,25.01,0.105267,600.309,437075,4.37075,1.00000e-7
1.25664,1.31711e-3,56.0579,25.01,0.0970688,599.707,439251,4.39251,1.00000e-7
1.25664,1.33251e-3,57.1065,25.01,0.0744591,600.469,443823,4.43823,1.00000e-7
1.25664,1.34011e-3,58.1550,25.01,0.104748,599.613,446992,4.46991,1.00000e-7
1.25664,1.35115e-3,59.2036,25.00,0.0580330,600.477,450025,4.50025,1.00000e-7
1.25664,1.36268e-3,60.2522,25.00,0.114380,599.762,454408,4.54408,1.00000e-7
1.25664,1.36953e-3,61.3008,25.00,0.0524559,600.203,456356,4.56356,1.00000e-7
1.25664,1.38443e-3,62.3493,25.00,0.105862,600.168,461346,4.61346,1.00000e-7
1.25664,1.38898e-3,63.3979,25.01,0.0875969,599.664,463254,4.63254,1.00000e-7
1.25664,1.40391e-3,64.4465,25.00,0.0747185,600.488,467588,4.67588,1.00000e-7
1.25664,1.41063e-3,65.4951,25.00,0.106300,599.605,470519,4.70519,1.00000e-7
1.25664,1.42100e-3,66.5436,25.00,0.0599709,600.488,473283,4.73283,1.00000e-7
1.25664,1.43209e-3,67.5922,25.00,0.120327,599.668,477627,4.77627,1.00000e-7
1.25664,1.43787e-3,68.6408,25.01,0.0595970,599.945,479333,4.79333,1.00000e-7
1.25664,1.45214e-3,69.6894,25.01,0.101151,600.309,483798,4.83798,1.00000e-7
1.25664,1.45531e-3,70.7380,24.99,0.0987511,599.711,485337,4.85337,1.00000e-7
1.25664,1.46886e-3,71.7865,25.00,0.0707512,600.469,489237,4.89237,1.00000e-7
1.25664,1.47556e-3,72.8351,25.01,0.110481,599.602,492179,4.92179,1.00000e-7
1.25664,1.48428e-3,73.8837,25.01,0.0595894,600.422,494412,4.94412,1.00000e-7
1.25664,1.49612e-3,74.9323,25.00,0.123295,600.066,498651,4.98651,1.00000e-7
1.25664,1.49976e-3,75.9808,25.00,0.0723991,599.930,499978,4.99978,1.00000e-7
1.25664,1.51385e-3,77.0294,25.00,0.0908890,600.332,504339,5.04339,1.00000e-7
1.25664,1.51758e-3,78.0780,25.00,0.102886,599.637,506167,5.06167,1.00000e-7
1.25664,1.52932e-3,79.1266,25.00,0.0623894,600.492,509355,5.09355,1.00000e-7
1.25664,1.53658e-3,80.1751,25.00,0.112434,599.633,512508,5.12508,1.00000e-7
1.25664,1.54345e-3,81.2237,25.00,0.0549545,600.477,514076,5.14076,1.00000e-7
1.25664,1.55542e-3,82.2723,25.00,0.118328,599.992,518479,5.18479,1.00000e-7
1.25664,1.55832e-3,83.3209,25.00,0.0750961,599.758,519650,5.19650,1.00000e-7
1.25664,1.57337e-3,84.8937,25.00,0.101452,599.641,524769,5.24769,1.00000e-7
1.25664,1.58999e-3,86.9909,25.00,0.111370,599.641,530315,5.30315,1.00000e-7
1.25664,1.60533e-3,89.0880,25.00,0.0998039,600.289,534852,5.34852,1.00000e-7
1.25664,1.61986e-3,91.1852,25.00,0.0688782,600.426,539570,5.39570,1.00000e-7
1.25664,1.63477e-3,93.2823,24.99,0.0622101,600.410,544550,5.44550,1.00000e-7
1.25664,1.64984e-3,95.3795,25.00,0.0767212,599.848,550088,5.50088,1.00000e-7
1.25664,1.66522e-3,97.4766,25.00,0.108643,599.613,555430,5.55430,1.00000e-7
1.25664,1.68002e-3,99.5738,25.00,0.117630,599.613,560367,5.60367,1.00000e-7
1.25664,1.69374e-3,101.671,24.99,0.107948,600.156,564434,5.64434,1.00000e-7
1.25664,1.70690e-3,103.768,25.00,0.0763245,600.453,568539,5.68538,1.00000e-7
1.25664,1.72046e-3,105.865,25.00,0.0607948,600.512,572999,5.72999,1.00000e-7
1.25664,1.73442e-3,107.962,25.00,0.0464439,599.914,578222,5.78222,1.00000e-7
1.25664,1.74840e-3,110.060,25.00,0.0918541,599.691,583098,5.83098,1.00000e-7
1.25664,1.76238e-3,112.157,25.00,0.105301,599.617,587836,5.87836,1.00000e-7
1.25664,1.77563e-3,114.254,25.01,0.115067,599.656,592217,5.92217,1.00000e-7
1.25664,1.78765e-3,116.351,25.00,0.0928955,600.316,595571,5.95571,1.00000e-7
1.25664,1.79968e-3,118.448,25.00,0.0649109,600.461,599434,5.99434,1.00000e-7
1.25664,1.81206e-3,120.545,25.00,0.0551720,600.449,603569,6.03569,1.00000e-7
1.25664,1.82478e-3,122.642,25.00,0.0790825,599.711,608552,6.08552,1.00000e-7
1.25664,1.83803e-3,124.740,25.00,0.104279,599.621,613063,6.13062,1.00000e-7
1.25664,1.85020e-3,126.837,25.00,0.118931,599.727,617014,6.17014,1.00000e-7
1.25664,1.86135e-3,128.934,24.99,0.0995255,600.234,620207,6.20207,1.00000e-7
1.25664,1.87239e-3,131.031,24.99,0.0689926,600.473,623638,6.23638,1.00000e-7
1.25664,1.88414e-3,133.128,24.99,0.0529938,600.156,627882,6.27882,1.00000e-7
1.25664,1.89605e-3,135.225,24.99,0.0858955,599.730,632302,6.32302,1.00000e-7
1.25664,1.90835e-3,137.323,25.00,0.108162,599.609,636530,6.36530,1.00000e-7
1.25664,1.91990e-3,139.420,25.00,0.116619,599.727,640258,6.40258,1.00000e-7
1.25664,1.92978e-3,141.517,25.01,0.0814018,600.383,642852,6.42852,1.00000e-7
1.25664,1.94032e-3,143.614,25.00,0.0588379,600.473,646264,6.46264,1.00000e-7
1.25664,1.95139e-3,145.711,25.00,0.0608902,599.887,650585,6.50585,1.00000e-7
1.25664,1.96308e-3,147.808,25.01,0.102173,599.625,654769,6.54769,1.00000e-7
1.25664,1.97464e-3,149.905,25.00,0.117409,599.668,658576,6.58576,1.00000e-7
1.25664,1.98442e-3,152.003,25.00,0.0885887,600.348,661090,6.61090,1.00000e-7
1.25664,1.99364e-3,154.100,25.00,0.0610886,600.449,664049,6.64049,1.00000e-7
1.25664,2.00392e-3,156.197,25.00,0.0555305,599.891,668096,6.68095,1.00000e-7
1.25664,2.01477e-3,158.294,25.00,0.0969238,599.648,671984,6.71984,1.00000e-7
1.25664,2.02530e-3,160.391,25.00,0.109585,599.566,675589,6.75589,1.00000e-7
1.25664,2.03474e-3,162.488,24.99,0.117970,600.164,678063,6.78063,1.00000e-7
1.25664,2.04347e-3,164.586,25.00,0.0791283,600.402,680702,6.80702,1.00000e-7
1.25664,2.05308e-3,166.683,25.00,0.0593109,600.523,683764,6.83764,1.00000e-7
1.25664,2.06763e-3,169.828,25.01,0.0838966,599.660,689599,6.89599,1.00000e-7
1.25664,2.08731e-3,174.023,24.99,0.114658,599.652,696174,6.96174,1.00000e-7

[step]
Recovery - 2
Torque,Displacement,Step time,Temperature,Axial force,Gap,Strain,Stress,Recoverable compliance
µN.m,rad,s,°C,N,µm,%,MPa,1/MPa
0.00000,2.11746e-3,0.00000,25.00,0.0635910,600.492,7.05240,0.00000,0.00000
0.00000,2.11742e-3,5.44000e-4,25.00,0.0645866,600.492,7.05228,0.00000,12.5170
0.00000,2.11738e-3,1.56800e-3,25.00,0.0644073,600.492,7.05216,0.00000,24.1399
0.00000,2.11734e-3,2.59200e-3,25.00,0.0655785,600.492,7.05200,0.00000,40.0841
0.00000,2.11725e-3,3.61600e-3,25.00,0.0640450,600.492,7.05173,0.00000,67.8748
0.00000,2.11715e-3,4.64000e-3,25.00,0.0634880,600.492,7.05138,0.00000,102.893
0.00000,2.11702e-3,5.66400e-3,25.00,0.0633125,600.492,7.05094,0.00000,146.776
0.00000,2.11681e-3,6.68800e-3,25.00,0.0626907,600.492,7.05026,0.00000,213.981
0.00000,2.11655e-3,7.71200e-3,25.00,0.0618362,600.492,7.04939,0.00000,301.078
0.00000,2.11625e-3,8.73600e-3,25.00,0.0617409,600.492,7.04838,0.00000,402.480
0.00000,2.11585e-3,9.76000e-3,25.00,0.0631447,600.492,7.04706,0.00000,534.728
0.00000,2.11544e-3,0.0107840,25.00,0.0622482,600.492,7.04568,0.00000,672.042
0.00000,2.11499e-3,0.0118080,25.00,0.0596657,600.492,7.04419,0.00000,820.980
0.00000,2.11455e-3,0.0128320,25.00,0.0597992,600.492,7.04272,0.00000,968.129
0.00000,2.11409e-3,0.0138560,25.00,0.0612640,600.492,7.04118,0.00000,1122.36
0.00000,2.11357e-3,0.0148800,25.00,0.0606308,600.492,7.03946,0.00000,1294.76
0.00000,2.11294e-3,0.0159040,25.00,0.0608444,600.492,7.03736,0.00000,1504.72
0.00000,2.11221e-3,0.0169280,25.00,0.0604019,600.492,7.03494,0.00000,1746.71
0.00000,2.11145e-3,0.0179520,25.00,0.0598831,600.492,7.03240,0.00000,2000.48
0.00000,2.11063e-3,0.0189760,25.00,0.0604820,600.492,7.02967,0.00000,2273.62
0.00000,2.10978e-3,0.0200000,25.00,0.0608978,600.492,7.02682,0.00000,2558.01
0.00000,2.10892e-3,0.0210240,25.00,0.0602264,600.492,7.02396,0.00000,2844.93
0.00000,2.10801e-3,0.0220480,25.00,0.0594254,600.473,7.02119,0.00000,3121.94
0.00000,2.10706e-3,0.0230720,25.00,0.0611801,600.473,7.01799,0.00000,3441.57
0.00000,2.10606e-3,0.0240960,25.00,0.0607643,600.473,7.01467,0.00000,3773.42
0.00000,2.10504e-3,0.0251200,25.00,0.0601273,600.473,7.01126,0.00000,4114.36
0.00000,2.10401e-3,0.0261440,25.00,0.0613556,600.473,7.00783,0.00000,4457.38
0.00000,2.10289e-3,0.0271680,25.00,0.0631218,600.473,7.00413,0.00000,4827.23
0.00000,2.10175e-3,0.0281920,25.00,0.0630188,600.473,7.00032,0.00000,5208.03
0.00000,2.10051e-3,0.0292160,25.00,0.0631485,600.473,6.99619,0.00000,5621.17
0.00000,2.09932e-3,0.0302400,25.00,0.0633583,600.473,6.99224,0.00000,6016.64
0.00000,2.09811e-3,0.0312640,25.00,0.0649719,600.473,6.98819,0.00000,6421.21
0.00000,2.09694e-3,0.0322880,25.00,0.0656395,600.473,6.98430,0.00000,6810.28
0.00000,2.09569e-3,0.0333120,25.00,0.0653496,600.473,6.98015,0.00000,7225.57
0.00000,2.09441e-3,0.0343360,25.00,0.0659866,600.473,6.97585,0.00000,7655.02
0.00000,2.09299e-3,0.0353600,25.00,0.0644035,600.473,6.97114,0.00000,8126.42
0.00000,2.09156e-3,0.0363840,25.00,0.0645561,600.473,6.96639,0.00000,8601.02
0.00000,2.09013e-3,0.0374080,25.00,0.0675011,600.473,6.96160,0.00000,9080.10
0.00000,2.08867e-3,0.0384320,25.00,0.0656128,600.473,6.95676,0.00000,9564.31
0.00000,2.08720e-3,0.0394560,25.00,0.0637207,600.473,6.95186,0.00000,10054.6
0.00000,2.08572e-3,0.0404800,25.00,0.0654640,600.473,6.94691,0.00000,10549.3
0.00000,2.08346e-3,0.0420160,25.00,0.0628777,600.473,6.93940,0.00000,11300.5
0.00000,2.08038e-3,0.0440640,25.00,0.0632515,600.473,6.92913,0.00000,12327.9
0.00000,2.07718e-3,0.0461120,25.00,0.0631218,600.473,6.91847,0.00000,13393.6
0.00000,2.07381e-3,0.0481600,25.00,0.0615463,600.473,6.90725,0.00000,14515.5
0.00000,2.07037e-3,0.0502080,25.00,0.0643501,600.473,6.89581,0.00000,15659.3
0.00000,2.06694e-3,0.0522560,25.00,0.0629120,600.473,6.88436,0.00000,16804.1
0.00000,2.06330e-3,0.0543040,25.00,0.0642242,600.473,6.87227,0.00000,18013.8
0.00000,2.05963e-3,0.0563520,25.00,0.0671616,600.473,6.86002,0.00000,19238.1
0.00000,2.05593e-3,0.0584000,25.00,0.0626183,600.473,6.84771,0.00000,20469.1
0.00000,2.05218e-3,0.0604480,25.00,0.0663719,600.473,6.83520,0.00000,21720.5
0.00000,2.04840e-3,0.0624960,25.00,0.0656166,600.473,6.82263,0.00000,22977.7
0.00000,2.04465e-3,0.0645440,25.00,0.0638275,600.473,6.81014,0.00000,24226.5
0.00000,2.04077e-3,0.0665920,25.00,0.0635147,600.473,6.79722,0.00000,25518.3
0.00000,2.03689e-3,0.0686400,25.00,0.0631447,600.473,6.78429,0.00000,26811.9
0.00000,2.03302e-3,0.0706880,25.00,0.0630913,600.473,6.77139,0.00000,28101.4
0.00000,2.02905e-3,0.0727360,25.00,0.0614929,600.473,6.75818,0.00000,29422.0
0.00000,2.02521e-3,0.0747840,25.00,0.0639267,600.473,6.74540,0.00000,30700.5
0.00000,2.02134e-3,0.0768320,25.00,0.0652924,600.473,6.73249,0.00000,31991.4
0.00000,2.01741e-3,0.0788800,25.00,0.0668259,600.473,6.71942,0.00000,33298.8
0.00000,2.01341e-3,0.0809280,25.00,0.0692863,600.473,6.70609,0.00000,34631.5
0.00000,2.00934e-3,0.0829760,24.99,0.0700912,600.473,6.69252,0.00000,35988.5
0.00000,2.00511e-3,0.0850240,24.99,0.0679741,600.473,6.67844,0.00000,37396.5
0.00000,2.00096e-3,0.0870720,24.99,0.0700226,600.473,6.66462,0.00000,38778.6
0.00000,1.99694e-3,0.0891200,24.99,0.0679665,600.473,6.65121,0.00000,40119.4
0.00000,1.99293e-3,0.0911680,24.99,0.0650787,600.473,6.63788,0.00000,41452.3
0.00000,1.98897e-3,0.0932160,24.99,0.0663681,600.473,6.62467,0.00000,42773.1
0.00000,1.98496e-3,0.0952640,24.99,0.0629272,600.473,6.61131,0.00000,44109.5
0.00000,1.98095e-3,0.0973120,24.99,0.0622330,600.473,6.59796,0.00000,45444.5
0.00000,1.97702e-3,0.0993600,24.99,0.0648727,600.473,6.58489,0.00000,46751.2
0.00000,1.97318e-3,0.101408,24.99,0.0639000,600.473,6.57209,0.00000,48031.8
0.00000,1.96932e-3,0.103456,24.99,0.0637054,600.473,6.55924,0.00000,49316.8
0.00000,1.96557e-3,0.105504,24.99,0.0657272,600.473,6.54674,0.00000,50566.4
0.00000,1.96191e-3,0.107552,24.99,0.0649834,600.473,6.53454,0.00000,51786.7
0.00000,1.95833e-3,0.109600,24.99,0.0646172,600.473,6.52262,0.00000,52978.3
0.00000,1.95482e-3,0.111648,24.99,0.0670433,600.473,6.51093,0.00000,54147.5
0.00000,1.95142e-3,0.113696,24.99,0.0681839,600.473,6.49961,0.00000,55279.6
0.00000,1.94806e-3,0.115744,24.99,0.0707970,600.473,6.48843,0.00000,56397.7
0.00000,1.94486e-3,0.117792,24.99,0.0701065,600.473,6.47778,0.00000,57462.5
0.00000,1.94178e-3,0.119840,24.99,0.0721550,600.473,6.46749,0.00000,58491.5
0.00000,1.93868e-3,0.121888,24.99,0.0703888,600.473,6.45719,0.00000,59521.7
0.00000,1.93435e-3,0.124960,24.99,0.0692635,600.473,6.44275,0.00000,60965.9
0.00000,1.92873e-3,0.129056,24.99,0.0674934,600.473,6.42404,0.00000,62836.9
0.00000,1.92336e-3,0.133152,24.99,0.0647850,600.473,6.40617,0.00000,64623.9
0.00000,1.91849e-3,0.137248,24.99,0.0662766,600.473,6.38995,0.00000,66245.6
0.00000,1.91423e-3,0.141344,24.99,0.0682220,600.473,6.37576,0.00000,67664.8
0.00000,1.91038e-3,0.145440,24.99,0.0677376,600.473,6.36292,0.00000,68948.9
0.00000,1.90690e-3,0.149536,24.99,0.0690346,600.473,6.35133,0.00000,70107.7
0.00000,1.90417e-3,0.153632,24.99,0.0675964,600.473,6.34224,0.00000,71016.9
0.00000,1.90186e-3,0.157728,24.99,0.0647812,600.473,6.33456,0.00000,71784.7
0.00000,1.89990e-3,0.161824,24.99,0.0706978,600.473,6.32803,0.00000,72437.7
0.00000,1.89812e-3,0.165920,24.99,0.0726204,600.473,6.32209,0.00000,73031.9
0.00000,1.89670e-3,0.170016,24.99,0.0736923,600.473,6.31737,0.00000,73503.2
0.00000,1.89576e-3,0.174112,24.99,0.0731926,600.473,6.31422,0.00000,73818.6
0.00000,1.89515e-3,0.178208,24.99,0.0707970,600.473,6.31219,0.00000,74021.8
0.00000,1.89494e-3,0.182304,24.99,0.0673523,600.473,6.31149,0.00000,74091.4
0.00000,1.89524e-3,0.186400,24.99,0.0687981,600.473,6.31251,0.00000,73989.5
0.00000,1.89616e-3,0.190496,24.99,0.0686607,600.473,6.31557,0.00000,73683.1
0.00000,1.89717e-3,0.194592,24.99,0.0706291,600.473,6.31891,0.00000,73349.7
0.00000,1.89875e-3,0.198688,24.99,0.0743027,600.473,6.32417,0.00000,72823.5
0.00000,1.90072e-3,0.202784,24.99,0.0751686,600.473,6.33074,0.00000,72166.0
0.00000,1.90292e-3,0.206880,24.99,0.0745354,600.473,6.33808,0.00000,71432.7
0.00000,1.90525e-3,0.210976,24.99,0.0735054,600.473,6.34584,0.00000,70656.6
0.00000,1.90792e-3,0.215072,24.99,0.0733070,600.473,6.35472,0.00000,69768.2
0.00000,1.91051e-3,0.219168,24.99,0.0707512,600.473,6.36334,0.00000,68906.7
0.00000,1.91309e-3,0.223264,24.99,0.0726128,600.391,6.37280,0.00000,67960.2
0.00000,1.91602e-3,0.227360,24.99,0.0760078,600.391,6.38258,0.00000,66982.1
0.00000,1.91879e-3,0.231456,24.99,0.0742493,600.391,6.39179,0.00000,66060.9
0.00000,1.92169e-3,0.235552,24.99,0.0729523,600.391,6.40147,0.00000,65093.0
0.00000,1.92487e-3,0.239648,24.99,0.0715523,600.391,6.41207,0.00000,64033.9
0.00000,1.92823e-3,0.243744,24.99,0.0709534,600.391,6.42326,0.00000,62914.7
0.00000,1.93155e-3,0.247840,24.99,0.0750580,600.391,6.43433,0.00000,61807.7
0.00000,1.93506e-3,0.251936,24.99,0.0821190,600.391,6.44602,0.00000,60638.9
0.00000,1.93843e-3,0.256032,24.99,0.0828171,600.391,6.45722,0.00000,59518.7
0.00000,1.94146e-3,0.260128,24.99,0.0820808,600.391,6.46733,0.00000,58507.1
0.00000,1.94469e-3,0.264224,24.99,0.0798187,600.391,6.47809,0.00000,57431.5
0.00000,1.94768e-3,0.268320,24.99,0.0764809,600.391,6.48804,0.00000,56436.7
0.00000,1.95026e-3,0.272416,24.99,0.0745964,600.391,6.49664,0.00000,55576.2
0.00000,1.95282e-3,0.276512,24.99,0.0738754,600.391,6.50515,0.00000,54725.0
0.00000,1.95538e-3,0.280608,24.99,0.0740776,600.391,6.51370,0.00000,53870.5
0.00000,1.95766e-3,0.284704,24.99,0.0769806,600.391,6.52130,0.00000,53110.7
0.00000,1.96116e-3,0.290848,24.99,0.0805817,600.391,6.53295,0.00000,51945.5
0.00000,1.96519e-3,0.299040,24.99,0.0823059,600.391,6.54636,0.00000,50604.2
0.00000,1.96765e-3,0.307232,24.99,0.0776634,600.391,6.55456,0.00000,49784.8
0.00000,1.96876e-3,0.315424,24.99,0.0798225,600.391,6.55825,0.00000,49415.5
0.00000,1.96897e-3,0.323616,24.99,0.0802803,600.391,6.55896,0.00000,49344.5
0.00000,1.96899e-3,0.331808,24.99,0.0852928,600.391,6.55902,0.00000,49338.0
0.00000,1.96820e-3,0.340000,24.99,0.0858421,600.391,6.55641,0.00000,49599.7
0.00000,1.96620e-3,0.348192,24.99,0.0825157,600.391,6.54973,0.00000,50267.7
0.00000,1.96323e-3,0.356384,24.99,0.0813446,600.391,6.53985,0.00000,51255.2
0.00000,1.95978e-3,0.364576,24.99,0.0855675,600.391,6.52836,0.00000,52404.0
0.00000,1.95601e-3,0.372768,24.99,0.0893250,600.391,6.51578,0.00000,53662.5
0.00000,1.95204e-3,0.380960,24.99,0.0882683,600.391,6.50255,0.00000,54985.0
0.00000,1.94702e-3,0.389152,24.99,0.0862579,600.391,6.48585,0.00000,56655.3
0.00000,1.94159e-3,0.397344,24.99,0.0915527,600.391,6.46775,0.00000,58465.8
0.00000,1.93609e-3,0.405536,24.99,0.0890541,600.391,6.44944,0.00000,60296.3
0.00000,1.93094e-3,0.413728,24.99,0.0891914,600.391,6.43228,0.00000,62012.2
0.00000,1.92598e-3,0.421920,24.99,0.0926895,600.230,6.41746,0.00000,63494.4
0.00000,1.92117e-3,0.430112,24.99,0.0930901,600.230,6.40146,0.00000,65094.8
0.00000,1.91672e-3,0.438304,24.99,0.0905647,600.230,6.38661,0.00000,66579.4
0.00000,1.91249e-3,0.446496,24.99,0.0919304,600.230,6.37253,0.00000,67987.8
0.00000,1.90864e-3,0.454688,24.99,0.0938225,600.230,6.35970,0.00000,69270.0
0.00000,1.90543e-3,0.462880,24.99,0.0931740,600.230,6.34899,0.00000,70341.6
0.00000,1.90277e-3,0.471072,24.99,0.0964203,600.230,6.34013,0.00000,71227.7
0.00000,1.90033e-3,0.479264,24.99,0.0992966,600.230,6.33202,0.00000,72038.8
0.00000,1.89841e-3,0.487456,25.00,0.0934715,600.230,6.32559,0.00000,72681.5
0.00000,1.89702e-3,0.495648,25.00,0.0919113,600.230,6.32096,0.00000,73144.9
0.00000,1.89663e-3,0.503840,25.00,0.0979614,600.230,6.31968,0.00000,73272.1
0.00000,1.89678e-3,0.512032,25.00,0.100964,600.230,6.32017,0.00000,73223.6
0.00000,1.89732e-3,0.520224,25.00,0.0985718,600.230,6.32198,0.00000,73042.1
0.00000,1.89812e-3,0.528416,25.00,0.101135,600.230,6.32462,0.00000,72778.1
0.00000,1.89878e-3,0.536608,25.00,0.0991516,600.230,6.32685,0.00000,72555.5
0.00000,1.89963e-3,0.544800,25.00,0.0983582,600.230,6.32966,0.00000,72274.7
0.00000,1.90106e-3,0.552992,25.00,0.100842,600.230,6.33444,0.00000,71796.9
0.00000,1.90260e-3,0.561184,25.00,0.102962,600.230,6.33956,0.00000,71284.4
0.00000,1.90414e-3,0.569376,25.00,0.105495,600.230,6.34469,0.00000,70771.6
0.00000,1.90567e-3,0.577568,25.00,0.0996971,600.230,6.34981,0.00000,70259.8
0.00000,1.90708e-3,0.585760,25.00,0.101677,600.230,6.35450,0.00000,69790.6
0.00000,1.90839e-3,0.593952,25.00,0.106216,600.230,6.35887,0.00000,69353.7
0.00000,1.90981e-3,0.602144,25.00,0.106731,600.230,6.36359,0.00000,68881.8
0.00000,1.91130e-3,0.610336,25.00,0.107670,600.230,6.36856,0.00000,68384.2
0.00000,1.91194e-3,0.622624,25.00,0.108940,599.949,6.37368,0.00000,67872.5
0.00000,1.91180e-3,0.639008,25.00,0.111370,599.949,6.37320,0.00000,67920.2
0.00000,1.91171e-3,0.655392,25.00,0.116688,599.949,6.37289,0.00000,67951.0
0.00000,1.90999e-3,0.671776,25.00,0.118607,599.949,6.36718,0.00000,68522.2
0.00000,1.90685e-3,0.688160,25.00,0.113171,599.949,6.35669,0.00000,69571.2
0.00000,1.90315e-3,0.704544,25.00,0.116734,599.949,6.34436,0.00000,70804.7
0.00000,1.89935e-3,0.720928,25.00,0.114777,599.949,6.33171,0.00000,72069.5
0.00000,1.89539e-3,0.737312,25.00,0.118210,599.949,6.31849,0.00000,73391.7
0.00000,1.89158e-3,0.753696,25.00,0.114807,599.949,6.30580,0.00000,74660.0
0.00000,1.88778e-3,0.770080,25.00,0.117832,599.949,6.29313,0.00000,75927.7
0.00000,1.88444e-3,0.786464,25.00,0.115986,599.949,6.28199,0.00000,77041.0
0.00000,1.88189e-3,0.802848,25.00,0.116280,599.949,6.27349,0.00000,77891.8
0.00000,1.88088e-3,0.819232,25.00,0.122543,599.949,6.27013,0.00000,78227.9
0.00000,1.87993e-3,0.835616,25.00,0.112541,599.648,6.27009,0.00000,78231.1
0.00000,1.87907e-3,0.852000,25.00,0.114307,599.648,6.26725,0.00000,78515.8
0.00000,1.87975e-3,0.868384,25.00,0.116077,599.648,6.26952,0.00000,78288.3
0.00000,1.87967e-3,0.884768,25.00,0.112091,599.648,6.26924,0.00000,78316.0
0.00000,1.88025e-3,0.901152,25.00,0.113750,599.648,6.27118,0.00000,78121.9
0.00000,1.88095e-3,0.917536,25.00,0.109882,599.648,6.27350,0.00000,77890.5
0.00000,1.88085e-3,0.933920,25.00,0.113922,599.648,6.27318,0.00000,77922.3
0.00000,1.88083e-3,0.950304,25.00,0.115490,599.648,6.27310,0.00000,77930.0
0.00000,1.88057e-3,0.966688,25.00,0.109936,599.648,6.27225,0.00000,78015.2
0.00000,1.87976e-3,0.983072,25.00,0.113438,599.648,6.26955,0.00000,78285.0
0.00000,1.87861e-3,0.999456,25.00,0.109913,599.648,6.26570,0.00000,78670.3
0.00000,1.87703e-3,1.01584,25.00,0.112320,599.648,6.26042,0.00000,79198.4
0.00000,1.87523e-3,1.03222,25.00,0.107628,599.605,6.25486,0.00000,79754.1
0.00000,1.87378e-3,1.04861,25.00,0.109715,599.605,6.25005,0.00000,80235.1
0.00000,1.87218e-3,1.06499,25.00,0.107109,599.605,6.24470,0.00000,80770.5
0.00000,1.87038e-3,1.08138,25.00,0.112606,599.605,6.23869,0.00000,81371.1
0.00000,1.86836e-3,1.09776,25.00,0.110691,599.605,6.23198,0.00000,82042.6
0.00000,1.86680e-3,1.11414,25.00,0.105228,599.605,6.22675,0.00000,82565.5
0.00000,1.86598e-3,1.13053,25.00,0.111149,599.605,6.22403,0.00000,82837.5
0.00000,1.86513e-3,1.14691,25.00,0.105934,599.605,6.22120,0.00000,83120.5
0.00000,1.86406e-3,1.16330,25.00,0.109837,599.605,6.21763,0.00000,83477.5
0.00000,1.86388e-3,1.17968,25.00,0.105919,599.605,6.21700,0.00000,83540.0
0.00000,1.86334e-3,1.19606,25.00,0.103584,599.605,6.21521,0.00000,83719.4
0.00000,1.86311e-3,1.21245,25.00,0.107693,599.605,6.21444,0.00000,83796.8
0.00000,1.86296e-3,1.22883,25.00,0.105053,599.605,6.21396,0.00000,83844.2
0.00000,1.86226e-3,1.24522,25.00,0.107128,599.605,6.21163,0.00000,84077.7
0.00000,1.86189e-3,1.26160,25.00,0.102036,599.605,6.21040,0.00000,84200.5
0.00000,1.86119e-3,1.28618,25.00,0.103931,599.605,6.20804,0.00000,84436.3
0.00000,1.85943e-3,1.31894,25.00,0.103233,599.605,6.20217,0.00000,85023.4
0.00000,1.85761e-3,1.35171,25.00,0.102856,599.605,6.19612,0.00000,85628.7
0.00000,1.85588e-3,1.38448,25.00,0.100060,599.605,6.19035,0.00000,86205.2
0.00000,1.85414e-3,1.41725,25.00,0.0985909,599.645,6.18414,0.00000,86826.2
0.00000,1.85256e-3,1.45002,25.00,0.0924187,599.645,6.17888,0.00000,87352.7
0.00000,1.85150e-3,1.48278,25.00,0.0980377,599.645,6.17534,0.00000,87706.4
0.00000,1.85000e-3,1.51555,25.00,0.0990868,599.645,6.17033,0.00000,88207.9
0.00000,1.84929e-3,1.54832,25.00,0.0950813,599.645,6.16795,0.00000,88445.4
0.00000,1.84827e-3,1.58109,25.00,0.0938606,599.645,6.16456,0.00000,88784.1
0.00000,1.84722e-3,1.61386,25.00,0.0876617,599.645,6.16103,0.00000,89137.0
0.00000,1.84626e-3,1.64662,25.00,0.0842819,599.727,6.15702,0.00000,89538.5
0.00000,1.84515e-3,1.67939,25.00,0.0803375,599.727,6.15331,0.00000,89909.3
0.00000,1.84371e-3,1.71216,25.00,0.0784607,599.727,6.14851,0.00000,90389.3
0.00000,1.84264e-3,1.74493,25.00,0.0771484,599.727,6.14493,0.00000,90747.7
0.00000,1.84144e-3,1.77770,25.00,0.0779343,599.727,6.14094,0.00000,91146.9
0.00000,1.84063e-3,1.81046,25.00,0.0673523,599.727,6.13824,0.00000,91416.2
0.00000,1.83972e-3,1.84323,25.00,0.0644684,599.906,6.13335,0.00000,91905.3
0.00000,1.83875e-3,1.87600,25.00,0.0631599,599.906,6.13013,0.00000,92227.8
0.00000,1.83775e-3,1.90877,25.00,0.0623932,599.906,6.12678,0.00000,92562.9
0.00000,1.83672e-3,1.94154,25.00,0.0579109,599.906,6.12337,0.00000,92903.3
0.00000,1.83581e-3,1.97430,25.00,0.0526581,599.906,6.12034,0.00000,93206.8
0.00000,1.83463e-3,2.00707,25.00,0.0492210,599.906,6.11637,0.00000,93603.2
0.00000,1.83394e-3,2.03984,25.00,0.0461922,600.348,6.10959,0.00000,94281.9
0.00000,1.83272e-3,2.07261,25.00,0.0440063,600.348,6.10555,0.00000,94685.9
0.00000,1.83199e-3,2.10538,25.00,0.0453720,600.348,6.10311,0.00000,94929.8
0.00000,1.83091e-3,2.13814,25.00,0.0495071,600.348,6.09948,0.00000,95292.0
0.00000,1.82941e-3,2.17091,25.00,0.0522842,600.348,6.09450,0.00000,95790.1
0.00000,1.82875e-3,2.20368,25.00,0.0517502,600.348,6.09231,0.00000,96009.7
0.00000,1.82660e-3,2.23645,25.00,0.0524101,600.488,6.08371,0.00000,96869.9
0.00000,1.82584e-3,2.26922,25.00,0.0540314,600.488,6.08120,0.00000,97120.9
0.00000,1.82412e-3,2.30198,25.00,0.0514603,600.488,6.07545,0.00000,97695.4
0.00000,1.82347e-3,2.33475,25.00,0.0562401,600.488,6.07329,0.00000,97911.2
0.00000,1.82239e-3,2.36752,25.00,0.0581512,600.488,6.06968,0.00000,98272.6
0.00000,1.82175e-3,2.40029,25.00,0.0601730,600.488,6.06758,0.00000,98482.9
0.00000,1.82065e-3,2.43306,25.00,0.0563774,600.469,6.06411,0.00000,98829.3
0.00000,1.82014e-3,2.46582,25.00,0.0590744,600.469,6.06240,0.00000,99000.0
0.00000,1.81863e-3,2.49859,25.00,0.0600967,600.469,6.05737,0.00000,99503.6
0.00000,1.81761e-3,2.53136,25.00,0.0629311,600.469,6.05396,0.00000,99844.5
0.00000,1.81659e-3,2.56413,25.00,0.0609131,600.469,6.05057,0.00000,100183
0.00000,1.81501e-3,2.61328,25.00,0.0678215,600.449,6.04552,0.00000,100689
0.00000,1.81327e-3,2.67882,25.00,0.0667686,600.449,6.03970,0.00000,101270
0.00000,1.81142e-3,2.74435,25.00,0.0741615,600.449,6.03353,0.00000,101887
0.00000,1.80962e-3,2.80989,25.00,0.0816040,600.348,6.02859,0.00000,102382
0.00000,1.80784e-3,2.87542,25.00,0.0809250,600.348,6.02263,0.00000,102977
0.00000,1.80578e-3,2.94096,25.00,0.0886078,600.348,6.01577,0.00000,103664
0.00000,1.80364e-3,3.00650,25.00,0.0986252,600.348,6.00864,0.00000,104377
0.00000,1.80154e-3,3.07203,25.00,0.0939941,600.148,6.00365,0.00000,104875
0.00000,1.79993e-3,3.13757,25.00,0.105606,600.148,5.99829,0.00000,105411
0.00000,1.79779e-3,3.20310,25.00,0.113880,600.148,5.99115,0.00000,106126
0.00000,1.79480e-3,3.26864,25.00,0.117058,599.785,5.98481,0.00000,106759
0.00000,1.79238e-3,3.33418,25.00,0.111893,599.785,5.97672,0.00000,107568
0.00000,1.79086e-3,3.39971,25.00,0.115345,599.785,5.97169,0.00000,108072
0.00000,1.78941e-3,3.46525,25.00,0.110268,599.648,5.96820,0.00000,108421
0.00000,1.78783e-3,3.53078,25.00,0.106224,599.648,5.96294,0.00000,108946
0.00000,1.78611e-3,3.59632,25.00,0.108734,599.648,5.95719,0.00000,109522
0.00000,1.78422e-3,3.66186,25.00,0.107361,599.629,5.95109,0.00000,110131
0.00000,1.78264e-3,3.72739,25.00,0.102486,599.629,5.94582,0.00000,110659
0.00000,1.78162e-3,3.79293,25.00,0.106220,599.629,5.94239,0.00000,111001
0.00000,1.78030e-3,3.85846,25.00,0.104149,599.629,5.93800,0.00000,111440
0.00000,1.77903e-3,3.92400,25.00,0.0980148,599.629,5.93378,0.00000,111862
0.00000,1.77763e-3,3.98954,25.00,0.0962868,599.629,5.92910,0.00000,112331
0.00000,1.77638e-3,4.05507,25.00,0.0936890,599.664,5.92458,0.00000,112783
0.00000,1.77543e-3,4.12061,25.00,0.0894127,599.664,5.92140,0.00000,113100
0.00000,1.77478e-3,4.18614,25.00,0.0837555,599.664,5.91926,0.00000,113314
0.00000,1.77406e-3,4.25168,25.00,0.0827751,599.785,5.91565,0.00000,113675
0.00000,1.77297e-3,4.31722,25.00,0.0704079,599.785,5.91203,0.00000,114037
0.00000,1.77204e-3,4.38275,25.00,0.0640106,599.785,5.90891,0.00000,114349
0.00000,1.77118e-3,4.44829,25.00,0.0638657,600.004,5.90390,0.00000,114850
0.00000,1.77043e-3,4.51382,25.00,0.0466919,600.004,5.90139,0.00000,115101
0.00000,1.76947e-3,4.57936,25.00,0.0481415,600.004,5.89821,0.00000,115420
0.00000,1.76787e-3,4.64490,25.00,0.0454903,600.402,5.88895,0.00000,116346
0.00000,1.76649e-3,4.71043,25.00,0.0472260,600.402,5.88436,0.00000,116805
0.00000,1.76590e-3,4.77597,25.00,0.0489388,600.402,5.88239,0.00000,117001
0.00000,1.76494e-3,4.84150,25.00,0.0524940,600.465,5.87857,0.00000,117383
0.00000,1.76359e-3,4.90704,25.00,0.0551720,600.465,5.87407,0.00000,117834
0.00000,1.76224e-3,4.97258,25.00,0.0560341,600.465,5.86959,0.00000,118281
0.00000,1.76084e-3,5.03811,25.00,0.0592537,600.465,5.86493,0.00000,118747
0.00000,1.75969e-3,5.10365,25.00,0.0637932,600.465,5.86109,0.00000,119131
0.00000,1.75899e-3,5.16918,25.00,0.0619125,600.465,5.85875,0.00000,119365
0.00000,1.75762e-3,5.26749,25.00,0.0754471,600.402,5.85482,0.00000,119758
0.00000,1.75472e-3,5.39856,25.00,0.0827484,600.324,5.84590,0.00000,120651
0.00000,1.75249e-3,5.52963,25.00,0.0946083,600.324,5.83849,0.00000,121391
0.00000,1.74961e-3,5.66070,25.00,0.106014,600.105,5.83100,0.00000,122140
0.00000,1.74648e-3,5.79178,25.00,0.112389,599.723,5.82429,0.00000,122811
0.00000,1.74287e-3,5.92285,25.00,0.115643,599.723,5.81224,0.00000,124016
0.00000,1.74075e-3,6.05392,25.00,0.107735,599.629,5.80609,0.00000,124631
0.00000,1.73858e-3,6.18499,25.00,0.110619,599.629,5.79886,0.00000,125355
0.00000,1.73664e-3,6.31606,25.00,0.106125,599.609,5.79257,0.00000,125983
0.00000,1.73498e-3,6.44714,24.99,0.0985222,599.629,5.78683,0.00000,126557
0.00000,1.73356e-3,6.57821,24.99,0.0940056,599.629,5.78213,0.00000,127028
0.00000,1.73269e-3,6.70928,24.99,0.0879555,599.691,5.77859,0.00000,127381
0.00000,1.73094e-3,6.84035,24.99,0.0706291,599.828,5.77144,0.00000,128097
0.00000,1.72985e-3,6.97142,24.99,0.0601349,599.828,5.76781,0.00000,128460
0.00000,1.72907e-3,7.10250,24.99,0.0462265,600.129,5.76233,0.00000,129007
0.00000,1.72786e-3,7.23357,25.00,0.0492096,600.445,5.75527,0.00000,129713
0.00000,1.72568e-3,7.36464,25.00,0.0576096,600.445,5.74798,0.00000,130442
0.00000,1.72435e-3,7.49571,25.00,0.0574608,600.465,5.74340,0.00000,130901
0.00000,1.72297e-3,7.62678,25.00,0.0638618,600.465,5.73879,0.00000,131361
0.00000,1.72080e-3,7.75786,25.00,0.0670967,600.465,5.73156,0.00000,132084
0.00000,1.71939e-3,7.88893,25.00,0.0727882,600.387,5.72761,0.00000,132480
0.00000,1.71723e-3,8.02000,25.00,0.0901527,600.227,5.72195,0.00000,133045
0.00000,1.71564e-3,8.15107,25.00,0.0983467,600.227,5.71665,0.00000,133576
0.00000,1.71333e-3,8.28214,25.00,0.109123,600.047,5.71065,0.00000,134176
0.00000,1.71082e-3,8.41322,25.00,0.117424,599.688,5.70572,0.00000,134669
0.00000,1.70822e-3,8.54429,24.99,0.109123,599.688,5.69703,0.00000,135537
0.00000,1.70614e-3,8.67536,24.99,0.110653,599.629,5.69065,0.00000,136175
0.00000,1.70533e-3,8.80643,24.99,0.107002,599.629,5.68795,0.00000,136445
0.00000,1.70371e-3,8.93750,24.99,0.0998688,599.609,5.68274,0.00000,136966
0.00000,1.70180e-3,9.06858,24.99,0.0968132,599.645,5.67603,0.00000,137637
0.00000,1.70103e-3,9.19965,24.99,0.0891342,599.645,5.67345,0.00000,137896
0.00000,1.69987e-3,9.33072,25.00,0.0809517,599.684,5.66923,0.00000,138318
0.00000,1.69943e-3,9.46179,25.00,0.0688477,599.883,5.66588,0.00000,138652
0.00000,1.69908e-3,9.59286,25.00,0.0520859,599.883,5.66470,0.00000,138770
0.00000,1.69782e-3,9.72394,25.00,0.0479012,600.223,5.65731,0.00000,139510
0.00000,1.69685e-3,9.85501,25.00,0.0543594,600.465,5.65178,0.00000,140063
0.00000,1.69549e-3,9.98608,25.00,0.0538864,600.465,5.64727,0.00000,140513
0.00000,1.69429e-3,10.1172,25.00,0.0608635,600.465,5.64327,0.00000,140913
0.00000,1.69290e-3,10.2482,25.00,0.0601311,600.445,5.63883,0.00000,141358
0.00000,1.69157e-3,10.3793,25.00,0.0674210,600.445,5.63438,0.00000,141803
0.00000,1.68936e-3,10.5759,25.00,0.0881844,600.223,5.62910,0.00000,142330
0.00000,1.68621e-3,10.8380,24.98,0.111557,599.996,5.62074,0.00000,143167
0.00000,1.68240e-3,11.1002,24.98,0.114315,599.676,5.61103,0.00000,144138
0.00000,1.67940e-3,11.3623,24.98,0.106617,599.602,5.60172,0.00000,145068
0.00000,1.67711e-3,11.6245,25.00,0.0957794,599.641,5.59371,0.00000,145869
0.00000,1.67545e-3,11.8866,25.00,0.0777016,599.723,5.58742,0.00000,146499
0.00000,1.67475e-3,12.1488,25.01,0.0514526,599.879,5.58363,0.00000,146878
0.00000,1.67351e-3,12.4109,25.01,0.0506897,600.461,5.57408,0.00000,147833
0.00000,1.67118e-3,12.6731,25.01,0.0573425,600.484,5.56612,0.00000,148628
0.00000,1.66897e-3,12.9352,25.00,0.0705070,600.441,5.55914,0.00000,149327
0.00000,1.66629e-3,13.1973,25.01,0.0958939,600.176,5.55267,0.00000,149973
0.00000,1.66327e-3,13.4595,25.01,0.114437,599.938,5.54482,0.00000,150759
0.00000,1.65972e-3,13.7216,25.01,0.109177,599.656,5.53556,0.00000,151684
0.00000,1.65729e-3,13.9838,25.00,0.103508,599.621,5.52778,0.00000,152463
0.00000,1.65508e-3,14.2459,25.00,0.0958023,599.641,5.52024,0.00000,153217
0.00000,1.65438e-3,14.5081,25.00,0.0751915,599.719,5.51717,0.00000,153523
0.00000,1.65373e-3,14.7702,25.00,0.0466728,599.898,5.51338,0.00000,153903
0.00000,1.65231e-3,15.0324,25.00,0.0489807,600.457,5.50351,0.00000,154890
0.00000,1.65072e-3,15.2945,25.00,0.0604095,600.457,5.49820,0.00000,155420
0.00000,1.64907e-3,15.5566,25.00,0.0723534,600.438,5.49290,0.00000,155950
0.00000,1.64742e-3,15.8188,25.00,0.0889511,600.160,5.48992,0.00000,156248
0.00000,1.64445e-3,16.0809,25.00,0.108086,599.898,5.48242,0.00000,156998
0.00000,1.64094e-3,16.3431,25.00,0.111488,599.656,5.47295,0.00000,157945
0.00000,1.63929e-3,16.6052,25.00,0.104866,599.617,5.46780,0.00000,158460
0.00000,1.63737e-3,16.8674,25.00,0.0917130,599.633,5.46124,0.00000,159117
0.00000,1.63623e-3,17.1295,25.00,0.0680885,599.754,5.45634,0.00000,159607
0.00000,1.63599e-3,17.3916,25.00,0.0452690,599.934,5.45391,0.00000,159849
0.00000,1.63495e-3,17.6538,25.01,0.0542564,600.449,5.44574,0.00000,160666
0.00000,1.63334e-3,17.9159,25.01,0.0611763,600.449,5.44038,0.00000,161202
0.00000,1.63150e-3,18.1781,25.01,0.0669212,600.434,5.43439,0.00000,161801
0.00000,1.62999e-3,18.4402,25.00,0.0908356,600.215,5.43135,0.00000,162105
0.00000,1.62740e-3,18.7024,25.00,0.116882,599.992,5.42475,0.00000,162766
0.00000,1.62413e-3,18.9645,25.00,0.107399,599.672,5.41672,0.00000,163569
0.00000,1.62270e-3,19.2267,25.00,0.100155,599.609,5.41251,0.00000,163989
0.00000,1.62105e-3,19.4888,25.00,0.0931854,599.648,5.40666,0.00000,164574
0.00000,1.62048e-3,19.7509,25.00,0.0749702,599.711,5.40422,0.00000,164819
0.00000,1.62010e-3,20.0131,25.00,0.0467262,600.328,5.39739,0.00000,165501
0.00000,1.61905e-3,20.2752,25.00,0.0504494,600.445,5.39284,0.00000,165956
0.00000,1.61762e-3,20.5374,25.00,0.0586243,600.445,5.38806,0.00000,166435
0.00000,1.61599e-3,20.7995,25.01,0.0752716,600.426,5.38281,0.00000,166959
0.00000,1.61352e-3,21.1927,25.00,0.109943,599.988,5.37849,0.00000,167392
0.00000,1.60897e-3,21.7170,25.00,0.102570,599.609,5.36674,0.00000,168567
0.00000,1.60681e-3,22.2413,25.00,0.0735130,599.711,5.35861,0.00000,169380
0.00000,1.60651e-3,22.7656,25.00,0.0517273,600.445,5.35105,0.00000,170135
0.00000,1.60418e-3,23.2899,24.99,0.0706940,600.434,5.34341,0.00000,170899
0.00000,1.60083e-3,23.8142,25.00,0.114063,600.027,5.33585,0.00000,171656
0.00000,1.59642e-3,24.3385,24.99,0.105820,599.629,5.32468,0.00000,172772
0.00000,1.59389e-3,24.8628,24.99,0.0740547,599.711,5.31554,0.00000,173686
0.00000,1.59325e-3,25.3870,24.99,0.0495033,600.426,5.30707,0.00000,174534
0.00000,1.59150e-3,25.9113,25.00,0.0657043,600.359,5.30181,0.00000,175059
0.00000,1.58811e-3,26.4356,25.00,0.104748,600.020,5.29352,0.00000,175888
0.00000,1.58469e-3,26.9599,24.99,0.102840,599.629,5.28557,0.00000,176683
0.00000,1.58225e-3,27.4842,24.99,0.0820045,599.707,5.27676,0.00000,177565
0.00000,1.58182e-3,28.0085,24.99,0.0480614,600.387,5.26932,0.00000,178308
0.00000,1.58018e-3,28.5328,25.00,0.0695267,600.383,5.26390,0.00000,178850
0.00000,1.57716e-3,29.0571,25.00,0.0974731,600.141,5.25597,0.00000,179643
0.00000,1.57371e-3,29.5813,25.00,0.106010,599.625,5.24897,0.00000,180344
0.00000,1.57140e-3,30.1056,24.99,0.0825768,599.668,5.24091,0.00000,181149
0.00000,1.57130e-3,30.6299,24.99,0.0506020,600.305,5.23502,0.00000,181738
0.00000,1.57027e-3,31.1542,25.00,0.0611649,600.422,5.23055,0.00000,182186
0.00000,1.56780e-3,31.6785,24.99,0.0975227,600.203,5.22424,0.00000,182817
0.00000,1.56427e-3,32.2028,24.99,0.103874,599.621,5.21753,0.00000,183487
0.00000,1.56196e-3,32.7271,25.00,0.0941887,599.637,5.20968,0.00000,184273
0.00000,1.56143e-3,33.2514,25.00,0.0445328,600.141,5.20353,0.00000,184887
0.00000,1.56085e-3,33.7756,25.00,0.0594368,600.457,5.19889,0.00000,185351
0.00000,1.55892e-3,34.2999,25.00,0.102409,600.238,5.19432,0.00000,185808
0.00000,1.55525e-3,34.8242,25.00,0.102032,599.582,5.18777,0.00000,186463
0.00000,1.55323e-3,35.3485,25.01,0.0855331,599.617,5.18075,0.00000,187165
0.00000,1.55341e-3,35.8728,25.00,0.0423508,600.344,5.17506,0.00000,187734
0.00000,1.55262e-3,36.3971,24.99,0.0682831,600.445,5.17158,0.00000,188083
0.00000,1.55032e-3,36.9214,24.99,0.106609,600.129,5.16662,0.00000,188578
0.00000,1.54687e-3,37.4457,25.00,0.104679,599.590,5.15975,0.00000,189266
0.00000,1.54542e-3,37.9700,25.00,0.0732918,599.668,5.15426,0.00000,189815
0.00000,1.54576e-3,38.4942,24.99,0.0534782,600.434,5.14880,0.00000,190360
0.00000,1.54494e-3,39.0185,25.00,0.0657959,600.391,5.14644,0.00000,190597
0.00000,1.54251e-3,39.5428,25.00,0.112782,600.035,5.14141,0.00000,191099
0.00000,1.53945e-3,40.0671,25.00,0.101524,599.609,5.13483,0.00000,191757
0.00000,1.53821e-3,40.5914,25.01,0.0749550,599.879,5.12839,0.00000,192402
0.00000,1.53834e-3,41.1157,25.00,0.0494499,600.441,5.12403,0.00000,192838
0.00000,1.53745e-3,41.6400,25.00,0.0733795,600.383,5.12157,0.00000,193083
0.00000,1.53345e-3,42.4264,25.00,0.105782,599.621,5.11474,0.00000,193767
0.00000,1.53085e-3,43.4750,24.99,0.0522728,600.395,5.09947,0.00000,195293
0.00000,1.52936e-3,44.5236,25.01,0.106213,600.117,5.09688,0.00000,195552
0.00000,1.52477e-3,45.5721,25.00,0.0779152,599.781,5.08442,0.00000,196798
0.00000,1.52429e-3,46.6207,25.01,0.0621414,600.398,5.07758,0.00000,197482
0.00000,1.52097e-3,47.6693,25.00,0.106838,599.621,5.07311,0.00000,197929
0.00000,1.51805e-3,48.7179,25.00,0.0468140,600.223,5.05830,0.00000,199410
0.00000,1.51738e-3,49.7664,25.00,0.0938683,600.262,5.05571,0.00000,199669
0.00000,1.51289e-3,50.8150,25.00,0.0920067,599.664,5.04579,0.00000,200661
0.00000,1.51215e-3,51.8636,25.01,0.0614777,600.395,5.03720,0.00000,201520
0.00000,1.50985e-3,52.9122,25.00,0.109745,599.719,5.03519,0.00000,201721
0.00000,1.50632e-3,53.9607,25.01,0.0564880,599.855,5.02227,0.00000,203013
0.00000,1.50618e-3,55.0093,25.00,0.0854759,600.219,5.01875,0.00000,203365
0.00000,1.50217e-3,56.0579,25.01,0.0923195,599.641,5.01023,0.00000,204217
0.00000,1.50149e-3,57.1065,25.00,0.0546799,600.484,5.00092,0.00000,205149
0.00000,1.49904e-3,58.1550,25.00,0.105934,599.625,4.99992,0.00000,205249
0.00000,1.49622e-3,59.2036,25.00,0.0460091,600.008,4.98734,0.00000,206506
0.00000,1.49603e-3,60.2522,25.00,0.0982246,600.105,4.98588,0.00000,206652
0.00000,1.49231e-3,61.3008,25.01,0.0880585,599.660,4.97720,0.00000,207521
0.00000,1.49212e-3,62.3493,25.00,0.0640411,600.465,4.96987,0.00000,208254
0.00000,1.48932e-3,63.3979,25.00,0.107548,599.602,4.96770,0.00000,208471
0.00000,1.48774e-3,64.4465,25.00,0.0450401,600.285,4.95678,0.00000,209562
0.00000,1.48706e-3,65.4951,25.00,0.113697,599.867,4.95797,0.00000,209443
0.00000,1.48342e-3,66.5436,25.00,0.0719681,599.766,4.94667,0.00000,210573
0.00000,1.48380e-3,67.5922,25.00,0.0721779,600.441,4.94235,0.00000,211006
0.00000,1.48059e-3,68.6408,25.00,0.101082,599.602,4.93858,0.00000,211382
0.00000,1.47971e-3,69.6894,25.00,0.0501747,600.477,4.92844,0.00000,212396
0.00000,1.47836e-3,70.7380,25.00,0.112244,599.680,4.93048,0.00000,212192
0.00000,1.47560e-3,71.7865,25.00,0.0656853,599.879,4.91965,0.00000,213276
0.00000,1.47558e-3,72.8351,25.00,0.0823212,600.379,4.91551,0.00000,213689
0.00000,1.47251e-3,73.8837,25.00,0.103245,599.602,4.91162,0.00000,214079
0.00000,1.47200e-3,74.9323,25.00,0.0570068,600.484,4.90271,0.00000,214970
0.00000,1.47094e-3,75.9808,25.00,0.113773,599.637,4.90610,0.00000,214630
0.00000,1.46823e-3,77.0294,25.00,0.0544739,599.941,4.89457,0.00000,215784
0.00000,1.46851e-3,78.0780,24.99,0.0902863,600.344,4.89222,0.00000,216019
0.00000,1.46529e-3,79.1266,24.99,0.0942764,599.605,4.88751,0.00000,216489
0.00000,1.46534e-3,80.1751,25.00,0.0564461,600.461,4.88073,0.00000,217167
0.00000,1.46359e-3,81.2237,25.00,0.108482,599.602,4.88188,0.00000,217052
0.00000,1.46194e-3,82.2723,25.00,0.0454216,600.164,4.87182,0.00000,218059
0.00000,1.46200e-3,83.3209,25.00,0.0982857,600.219,4.87155,0.00000,218085
0.00000,1.45895e-3,84.8937,25.00,0.0608292,600.465,4.85941,0.00000,219300
0.00000,1.45635e-3,86.9909,25.00,0.0436172,600.223,4.85269,0.00000,219972
0.00000,1.45406e-3,89.0880,25.00,0.0836067,599.727,4.84907,0.00000,220334
0.00000,1.45218e-3,91.1852,25.00,0.0994606,599.625,4.84362,0.00000,220878
0.00000,1.44995e-3,93.2823,25.00,0.0980263,600.262,4.83106,0.00000,222134
0.00000,1.44738e-3,95.3795,25.00,0.0565491,600.461,4.82088,0.00000,223152
0.00000,1.44508e-3,97.4766,25.00,0.0470009,599.980,4.81708,0.00000,223532
0.00000,1.44365e-3,99.5738,25.00,0.0954628,599.652,4.81496,0.00000,223744
0.00000,1.44228e-3,101.671,25.01,0.111912,599.703,4.80997,0.00000,224243
0.00000,1.44006e-3,103.768,25.00,0.0835876,600.270,4.79805,0.00000,225436
0.00000,1.43783e-3,105.865,25.00,0.0589867,600.445,4.78922,0.00000,226319
0.00000,1.43603e-3,107.962,25.00,0.0707664,599.926,4.78737,0.00000,226503
0.00000,1.43443e-3,110.060,25.00,0.101639,599.629,4.78439,0.00000,226801
0.00000,1.43303e-3,112.157,25.00,0.104767,600.109,4.77590,0.00000,227650
0.00000,1.43089e-3,114.254,25.00,0.0644569,600.402,4.76644,0.00000,228597
0.00000,1.42896e-3,116.351,24.99,0.0481720,600.148,4.76201,0.00000,229040
0.00000,1.42765e-3,118.448,24.99,0.0916214,599.688,4.76132,0.00000,229109
0.00000,1.42688e-3,120.545,24.99,0.105900,599.684,4.75879,0.00000,229362
0.00000,1.42499e-3,122.642,25.00,0.0756340,600.320,4.74744,0.00000,230496
0.00000,1.42327e-3,124.740,25.00,0.0479317,600.402,4.74105,0.00000,231136
0.00000,1.42193e-3,126.837,25.00,0.0804710,599.680,4.74230,0.00000,231011
0.00000,1.42134e-3,128.934,25.00,0.110851,599.656,4.74052,0.00000,231189
0.00000,1.41974e-3,131.031,25.00,0.0849953,600.340,4.72977,0.00000,232263
0.00000,1.41775e-3,133.128,24.99,0.0587654,600.438,4.72240,0.00000,233000
0.00000,1.41668e-3,135.225,25.00,0.0806084,599.719,4.72447,0.00000,232793
0.00000,1.41575e-3,137.323,25.00,0.103271,599.629,4.72208,0.00000,233032
0.00000,1.41469e-3,139.420,24.99,0.0854225,600.277,4.71345,0.00000,233896
0.00000,1.41321e-3,141.517,25.00,0.0595589,600.352,4.70794,0.00000,234446
0.00000,1.41199e-3,143.614,25.00,0.0860786,599.754,4.70857,0.00000,234384
0.00000,1.41133e-3,145.711,25.00,0.106461,599.668,4.70704,0.00000,234536
0.00000,1.41015e-3,147.808,25.00,0.0901794,600.215,4.69882,0.00000,235359
0.00000,1.40824e-3,149.905,25.00,0.0556412,600.520,4.69006,0.00000,236235
0.00000,1.40739e-3,152.003,25.01,0.0468826,600.219,4.68961,0.00000,236280
0.00000,1.40656e-3,154.100,25.01,0.0933075,599.641,4.69135,0.00000,236106
0.00000,1.40577e-3,156.197,25.00,0.108231,599.770,4.68769,0.00000,236471
0.00000,1.40462e-3,158.294,25.00,0.0776215,600.336,4.67945,0.00000,237295
0.00000,1.40320e-3,160.391,25.00,0.0467834,600.398,4.67422,0.00000,237819
0.00000,1.40254e-3,162.488,25.01,0.0815086,599.727,4.67725,0.00000,237515
0.00000,1.40237e-3,164.586,25.00,0.106297,599.672,4.67714,0.00000,237526
0.00000,1.40101e-3,166.683,25.01,0.0800056,600.227,4.66826,0.00000,238414
0.00000,1.39962e-3,169.828,25.00,0.0880203,599.668,4.66797,0.00000,238443
0.00000,1.39833e-3,174.023,25.00,0.0745811,600.414,4.65789,0.00000,239452

